"eventId","day","participantId","cohortId","action","originProject","destinationProject","requestedAmount","unit","executedAmount","sharesBurned","sharesMinted","gross","net","feesCCLX","currency","provenance","status","rejectionReason","capitalNew","capitalRecycled","cannibalizedCapital"
"e2","0","u00180","rebalancer","deposit","wallet","solar","22.380135435723243","CCLX","22.380135435723243","0","18.76987372804433","22.380135435723243","22.335375164851797","0.04476027087144649","CCLX","unrestricted","executed","","22.380135435723243","0",""
"e3","1","u00124","long_term","deposit","wallet","mangrove","17.270503913174455","CCLX","17.270503913174455","0","17.500445516081527","17.270503913174455","17.235962905348106","0.03454100782634891","CCLX","unrestricted","executed","","17.270503913174455","0",""
"e5","2","u00216","active_user","deposit","wallet","forest","57.471984901656654","CCLX","57.471984901656654","0","51.46651204908267","57.471984901656654","57.35704093185334","0.11494396980331331","CCLX","unrestricted","executed","","57.471984901656654","0",""
"e6","2","u00056","active_user","deposit","wallet","solar","57.014045786324594","CCLX","57.014045786324594","0","47.81669208081439","57.014045786324594","56.900017694751945","0.11402809157264919","CCLX","unrestricted","executed","","57.014045786324594","0",""
"e8","3","u00196","rebalancer","deposit","wallet","solar","73.49407865349913","CCLX","73.49407865349913","0","61.637983245775104","73.49407865349913","73.34709049619214","0.14698815730699827","CCLX","unrestricted","executed","","73.49407865349913","0",""
"e9","3","u00084","restricted_user","deposit","wallet","solar","77.02950956377167","CCLX","77.02950956377167","0","64.60280282516032","77.02950956377167","76.87545054464412","0.15405901912754333","CCLX","restricted","executed","","77.02950956377167","0",""
"e10","3","u00240","rebalancer","deposit","wallet","forest","500.4928502527303","CCLX","500.4928502527303","0","448.1823354582302","500.4928502527303","499.49186455222485","1.0009857005054605","CCLX","unrestricted","executed","","500.4928502527303","0",""
"e11","4","u00126","active_user","deposit","wallet","forest","43.334013521371226","CCLX","43.334013521371226","0","38.80381148424931","43.334013521371226","43.247345494328485","0.08666802704274246","CCLX","unrestricted","executed","","43.334013521371226","0",""
"e12","4","u00039","active_user","deposit","wallet","forest","23.06465815625595","CCLX","23.06465815625595","0","20.65337847941555","23.06465815625595","23.018528839943436","0.046129316312511895","CCLX","unrestricted","executed","","23.06465815625595","0",""
"e14","4","u00108","active_user","deposit","wallet","forest","95.48468948002183","CCLX","95.48468948002183","0","85.50181612488814","95.48468948002183","95.29372010106178","0.19096937896004365","CCLX","unrestricted","executed","","95.48468948002183","0",""
"e16","5","u00039","active_user","migration","forest","mangrove","3.09152685476422","receipts","3.438701145177707","3.09152685476422","3.4844788648188114","3.445592329837382","3.4318237428873517","0.013768586950030179","CCLX","unrestricted","executed","","0","3.438701145177707","3.438701145177707"
"e17","5","u00046","long_term","deposit","wallet","solar","27.88454224546231","CCLX","27.88454224546231","0","23.386027857661247","27.88454224546231","27.828773160971384","0.055769084490924624","CCLX","unrestricted","executed","","27.88454224546231","0",""
"e18","5","u00063","rebalancer","deposit","wallet","mangrove","43.4774495989079","CCLX","43.4774495989079","0","44.05608378699981","43.4774495989079","43.39049469971009","0.08695489919781581","CCLX","unrestricted","executed","","43.4774495989079","0",""
"e19","6","u00022","active_user","deposit","wallet","mangrove","105.63337254086404","CCLX","105.63337254086404","0","107.03799806372263","105.63337254086404","105.42210579578231","0.2112667450817281","CCLX","unrestricted","executed","","105.63337254086404","0",""
"e20","6","u00251","rebalancer","deposit","wallet","mangrove","173.19035728132033","CCLX","173.19035728132033","0","175.48952436167747","173.19035728132033","172.8439765667577","0.3463807145626407","CCLX","unrestricted","executed","","173.19035728132033","0",""
"e21","6","u00154","rebalancer","deposit","wallet","forest","17.99869740696843","CCLX","17.99869740696843","0","16.11686038877815","17.99869740696843","17.962700012154492","0.03599739481393686","CCLX","unrestricted","executed","","17.99869740696843","0",""
"e22","6","u00236","active_user","deposit","wallet","solar","253.60568092148299","CCLX","253.60568092148299","0","212.69068729598075","253.60568092148299","253.09846955964002","0.507211361842966","CCLX","unrestricted","executed","","253.60568092148299","0",""
"e23","7","u00265","active_user","deposit","wallet","solar","75.43847057658674","CCLX","75.43847057658674","0","63.26716051530093","75.43847057658674","75.28759363543357","0.1508769411531735","CCLX","unrestricted","executed","","75.43847057658674","0",""
"e24","7","u00211","active_user","deposit","wallet","solar","29.140047743196323","CCLX","29.140047743196323","0","24.43849442852661","29.140047743196323","29.08176764770993","0.058280095486392645","CCLX","unrestricted","executed","","29.140047743196323","0",""
"e25","9","u00181","rebalancer","deposit","","","0","CCLX","0","0","0","0","0","0","CCLX","unrestricted","rejected","Insufficient available wallet balance.","0","0",""
"e26","10","u00064","active_user","deposit","wallet","solar","24.888348415799307","CCLX","24.888348415799307","0","20.872746780049056","24.888348415799307","24.838571718967707","0.04977669683159861","CCLX","unrestricted","executed","","24.888348415799307","0",""
"e27","11","u00236","active_user","withdraw","solar","wallet","44.50508491562156","receipts","52.85509345239773","44.50508491562156","0","52.96101548336446","52.85509345239773","0.10592203096672893","CCLX","unrestricted","executed","","0","52.85509345239773",""
"e28","11","u00291","rebalancer","deposit","wallet","mangrove","109.27332794580971","CCLX","109.27332794580971","0","110.72155933245085","109.27332794580971","109.0547812899181","0.21854665589161942","CCLX","unrestricted","executed","","109.27332794580971","0",""
"e29","11","u00135","rebalancer","deposit","wallet","mangrove","97.25974889953373","CCLX","97.25974889953373","0","98.54719045455568","97.25974889953373","97.06522940173467","0.19451949779906746","CCLX","unrestricted","executed","","97.25974889953373","0",""
"e30","12","u00039","active_user","migration","forest","solar","3.4676735684688635","receipts","3.8570939577240497","3.4676735684688635","3.2347795753739774","3.8648236049339175","3.8493797698086016","0.015443835125315934","CCLX","unrestricted","executed","","0","3.8570939577240497","3.8570939577240497"
"e31","12","u00129","long_term","deposit","wallet","solar","153.66382640336832","CCLX","153.66382640336832","0","128.87070041848347","153.66382640336832","153.35649875056157","0.30732765280673663","CCLX","unrestricted","executed","","153.66382640336832","0",""
"e32","12","u00078","active_user","deposit","wallet","solar","112.01986085350109","CCLX","112.01986085350109","0","93.94514081440866","112.01986085350109","111.79582113179409","0.22403972170700218","CCLX","unrestricted","executed","","112.01986085350109","0",""
"e34","13","u00054","active_user","deposit","wallet","mangrove","65.2876094937986","CCLX","65.2876094937986","0","66.15100155561231","65.2876094937986","65.157034274811","0.1305752189875972","CCLX","unrestricted","executed","","65.2876094937986","0",""
"e35","13","u00052","long_term","deposit","wallet","forest","179.07831512912236","CCLX","179.07831512912236","0","160.35348542034626","179.07831512912236","178.72015849886412","0.35815663025824473","CCLX","unrestricted","executed","","179.07831512912236","0",""
"e36","13","u00108","active_user","deposit","wallet","mangrove","54.23061153426251","CCLX","54.23061153426251","0","54.94727432751097","54.23061153426251","54.122150311193984","0.10846122306852501","CCLX","unrestricted","executed","","54.23061153426251","0",""
"e38","13","u00093","active_user","deposit","wallet","solar","61.86712595140946","CCLX","61.86712595140946","0","51.88443661155179","61.86712595140946","61.743391699506645","0.12373425190281893","CCLX","unrestricted","executed","","61.86712595140946","0",""
"e40","15","u00165","rebalancer","deposit","wallet","solar","100.01801421826751","CCLX","100.01801421826751","0","83.87903200183064","100.01801421826751","99.81797818983098","0.20003602843653503","CCLX","unrestricted","executed","","100.01801421826751","0",""
"e41","15","u00169","active_user","deposit","wallet","solar","304.46041702815734","CCLX","304.46041702815734","0","255.3295432832092","304.46041702815734","303.851496194101","0.6089208340563147","CCLX","unrestricted","executed","","304.46041702815734","0",""
"e42","16","u00049","long_term","deposit","wallet","forest","40.99196931360564","CCLX","40.99196931360564","0","36.705367805669084","40.99196931360564","40.909985374978426","0.08198393862721128","CCLX","unrestricted","executed","","40.99196931360564","0",""
"e43","16","u00115","rebalancer","deposit","wallet","mangrove","283.72976257805965","CCLX","283.72976257805965","0","287.47178367991","283.72976257805965","283.16230305290355","0.5674595251561193","CCLX","unrestricted","executed","","283.72976257805965","0",""
"e45","17","u00009","active_user","deposit","wallet","solar","217.59445795717224","CCLX","217.59445795717224","0","182.47848617471755","217.59445795717224","217.1592690412579","0.4351889159143445","CCLX","unrestricted","executed","","217.59445795717224","0",""
"e46","18","u00074","whale","deposit","wallet","forest","1224.3537967919494","CCLX","1224.3537967919494","0","1096.2541297057178","1224.3537967919494","1221.9050891983654","2.448707593583899","CCLX","unrestricted","executed","","1224.3537967919494","0",""
"e47","18","u00181","rebalancer","deposit","wallet","forest","12.040234377004145","CCLX","12.040234377004145","0","10.779866227414459","12.040234377004145","12.016153908250137","0.02408046875400829","CCLX","unrestricted","executed","","12.040234377004145","0",""
"e49","18","u00201","restricted_user","deposit","wallet","forest","23.594722248942546","CCLX","23.594722248942546","0","21.124797471798956","23.594722248942546","23.54753280444466","0.04718944449788509","CCLX","restricted","executed","","23.594722248942546","0",""
"e50","19","u00263","active_user","deposit","wallet","mangrove","72.80941722618336","CCLX","72.80941722618336","0","73.76764834532514","72.80941722618336","72.66379839173099","0.1456188344523667","CCLX","unrestricted","executed","","72.80941722618336","0",""
"e51","19","u00212","long_term","deposit","wallet","forest","45.84021242686737","CCLX","45.84021242686737","0","41.04146482446231","45.84021242686737","45.74853200201363","0.09168042485373473","CCLX","unrestricted","executed","","45.84021242686737","0",""
"e52","19","u00242","rebalancer","deposit","wallet","solar","37.32162588813913","CCLX","37.32162588813913","0","31.298337844666094","37.32162588813913","37.24698263636285","0.07464325177627826","CCLX","unrestricted","executed","","37.32162588813913","0",""
"e53","19","u00261","long_term","deposit","wallet","solar","203.05346679491248","CCLX","203.05346679491248","0","170.28178150765598","203.05346679491248","202.64735986132266","0.40610693358982497","CCLX","unrestricted","executed","","203.05346679491248","0",""
"e54","19","u00171","rebalancer","deposit","wallet","solar","206.8077843103325","CCLX","206.8077843103325","0","173.42816978879273","206.8077843103325","206.39416874171184","0.413615568620665","CCLX","unrestricted","executed","","206.8077843103325","0",""
"e59","20","u00270","rebalancer","deposit","wallet","solar","52.32322378378376","CCLX","52.32322378378376","0","43.87772293575108","52.32322378378376","52.21857733621619","0.10464644756756752","CCLX","unrestricted","executed","","52.32322378378376","0",""
"e60","21","u00191","long_term","deposit","wallet","solar","183.4890291702741","CCLX","183.4890291702741","0","153.871009666007","183.4890291702741","183.12205111193356","0.3669780583405482","CCLX","unrestricted","executed","","183.4890291702741","0",""
"e61","21","u00026","rebalancer","deposit","wallet","mangrove","55.50097855401246","CCLX","55.50097855401246","0","56.230859976494685","55.50097855401246","55.38997659690444","0.11100195710802492","CCLX","unrestricted","executed","","55.50097855401246","0",""
"e62","23","u00201","restricted_user","deposit","wallet","forest","63.08845664367942","CCLX","63.08845664367942","0","56.48379326961003","63.08845664367942","62.96227973039206","0.12617691328735883","CCLX","restricted","executed","","63.08845664367942","0",""
"e63","23","u00033","whale","deposit","wallet","solar","258.3018358136309","CCLX","258.3018358136309","0","216.60515376599506","258.3018358136309","257.7852321420036","0.5166036716272617","CCLX","unrestricted","executed","","258.3018358136309","0",""
"e66","23","u00205","active_user","deposit","wallet","forest","207.0918863295744","CCLX","207.0918863295744","0","185.40924311196432","207.0918863295744","206.67770255691525","0.4141837726591488","CCLX","unrestricted","executed","","207.0918863295744","0",""
"e67","24","u00027","long_term","deposit","wallet","mangrove","51.64573343796157","CCLX","51.64573343796157","0","52.324482887052","51.64573343796157","51.542441971085644","0.10329146687592314","CCLX","unrestricted","executed","","51.64573343796157","0",""
"e68","24","u00168","restricted_user","deposit","wallet","solar","167.52031985345687","CCLX","167.52031985345687","0","140.47646639915183","167.52031985345687","167.18527921374996","0.3350406397069137","CCLX","restricted","executed","","167.52031985345687","0",""
"e69","24","u00058","active_user","deposit","wallet","forest","95.48753015686162","CCLX","95.48753015686162","0","85.48868263396434","95.48753015686162","95.2965550965479","0.19097506031372324","CCLX","unrestricted","executed","","95.48753015686162","0",""
"e70","24","u00163","rebalancer","deposit","wallet","solar","283.3317093882806","CCLX","283.3317093882806","0","237.5886796945706","283.3317093882806","282.76504596950406","0.5666634187765612","CCLX","unrestricted","executed","","283.3317093882806","0",""
"e72","25","u00192","active_user","deposit","wallet","solar","66.98844705647271","CCLX","66.98844705647271","0","56.17281450424343","66.98844705647271","66.85447016235976","0.13397689411294542","CCLX","unrestricted","executed","","66.98844705647271","0",""
"e73","25","u00147","active_user","deposit","wallet","forest","209.53803843764746","CCLX","209.53803843764746","0","187.59378888388164","209.53803843764746","209.11896236077217","0.4190760768752949","CCLX","unrestricted","executed","","209.53803843764746","0",""
"e75","25","u00227","rebalancer","deposit","wallet","solar","75.74895790729786","CCLX","75.74895790729786","0","63.518639880698174","75.74895790729786","75.59745999148326","0.15149791581459573","CCLX","unrestricted","executed","","75.74895790729786","0",""
"e76","26","u00253","active_user","deposit","wallet","forest","60.065676379929975","CCLX","60.065676379929975","0","53.77449132082984","60.065676379929975","59.94554502717011","0.12013135275985995","CCLX","unrestricted","executed","","60.065676379929975","0",""
"e77","27","u00172","rebalancer","deposit","wallet","solar","157.3829808030523","CCLX","157.3829808030523","0","131.97128352615982","157.3829808030523","157.0682148414462","0.3147659616061046","CCLX","unrestricted","executed","","157.3829808030523","0",""
"e78","27","u00019","active_user","deposit","wallet","mangrove","122.16276673189329","CCLX","122.16276673189329","0","123.76662064041011","122.16276673189329","121.9184411984295","0.24432553346378658","CCLX","unrestricted","executed","","122.16276673189329","0",""
"e79","27","u00039","active_user","migration","forest","mangrove","2.7060652256944784","receipts","3.0105829498046077","2.7060652256944784","3.0500789247453213","3.0166161821689457","3.0045617839049985","0.012054398263947108","CCLX","unrestricted","executed","","0","3.0105829498046077","3.0105829498046077"
"e80","27","u00157","rebalancer","deposit","wallet","forest","144.99848232126368","CCLX","144.99848232126368","0","129.8103230590932","144.99848232126368","144.70848535662114","0.2899969646425274","CCLX","unrestricted","executed","","144.99848232126368","0",""
"e82","27","u00236","active_user","withdraw","solar","wallet","25.646871300333668","receipts","30.46318815320451","25.646871300333668","0","30.524236626457423","30.46318815320451","0.06104847325291485","CCLX","unrestricted","executed","","0","30.46318815320451",""
"e83","28","u00235","whale","deposit","wallet","solar","1182.9261557737373","CCLX","1182.9261557737373","0","991.8903240542859","1182.9261557737373","1180.5603034621897","2.3658523115474748","CCLX","unrestricted","executed","","1182.9261557737373","0",""
"e84","28","u00271","long_term","deposit","wallet","solar","61.58216242012761","CCLX","61.58216242012761","0","51.635183338075876","61.58216242012761","61.458998095287356","0.12316432484025522","CCLX","unrestricted","executed","","61.58216242012761","0",""
"e85","28","u00169","active_user","withdraw","solar","wallet","59.3524790848946","receipts","70.50323503809422","59.3524790848946","0","70.64452408626676","70.50323503809422","0.14128904817253352","CCLX","unrestricted","executed","","0","70.50323503809422",""
"e86","29","u00114","active_user","deposit","wallet","solar","13.842594025802851","CCLX","13.842594025802851","0","11.606708575040102","13.842594025802851","13.814908837751245","0.027685188051605702","CCLX","unrestricted","executed","","13.842594025802851","0",""
"e89","30","u00181","rebalancer","migration","forest","solar","1.7930880959883493","receipts","1.9948944775881245","1.7930880959883493","1.6726741008460522","1.9988922621123493","1.9909046886329482","0.007987573479400947","CCLX","unrestricted","executed","","0","1.9948944775881245","1.9948944775881245"
"e90","30","u00193","active_user","deposit","wallet","mangrove","41.24185799469594","CCLX","41.24185799469594","0","41.78276918642223","41.24185799469594","41.15937427870655","0.08248371598939189","CCLX","unrestricted","executed","","41.24185799469594","0",""
"e91","30","u00194","active_user","deposit","wallet","solar","33.83551888727191","CCLX","33.83551888727191","0","28.370292065665126","33.83551888727191","33.767847849497365","0.06767103777454382","CCLX","unrestricted","executed","","33.83551888727191","0",""
"e93","31","u00130","rebalancer","deposit","wallet","forest","66.093650370425","CCLX","66.093650370425","0","59.16994687728584","66.093650370425","65.96146306968414","0.13218730074085","CCLX","unrestricted","executed","","66.093650370425","0",""
"e94","31","u00079","rebalancer","deposit","wallet","solar","177.95220687938266","CCLX","177.95220687938266","0","149.2078774208203","177.95220687938266","177.5963024656239","0.3559044137587653","CCLX","unrestricted","executed","","177.95220687938266","0",""
"e95","32","u00054","active_user","withdraw","mangrove","wallet","9.47189287659019","receipts","9.31193490462005","9.47189287659019","0","9.330596096813679","9.31193490462005","0.018661192193627357","CCLX","unrestricted","executed","","0","9.31193490462005",""
"e96","32","u00009","active_user","migration","solar","forest","17.533072432720626","receipts","20.827284873492083","17.533072432720626","18.645424656569958","20.869022919330746","20.785630303745098","0.08339261558564566","CCLX","unrestricted","executed","","0","20.827284873492083","20.827284873492083"
"e97","32","u00244","long_term","deposit","wallet","forest","615.2649810455455","CCLX","615.2649810455455","0","550.7931222999468","615.2649810455455","614.0344510834544","1.230529962091091","CCLX","unrestricted","executed","","615.2649810455455","0",""
"e98","32","u00142","active_user","deposit","wallet","forest","263.23825211080975","CCLX","263.23825211080975","0","235.64429411734454","263.23825211080975","262.71177560658816","0.5264765042216195","CCLX","unrestricted","executed","","263.23825211080975","0",""
"e99","32","u00260","long_term","deposit","wallet","forest","87.92557154644494","CCLX","87.92557154644494","0","78.70743920630775","87.92557154644494","87.74972040335206","0.17585114309288988","CCLX","unrestricted","executed","","87.92557154644494","0",""
"e100","33","u00080","long_term","deposit","wallet","mangrove","215.66283706343333","CCLX","215.66283706343333","0","218.48736744257621","215.66283706343333","215.23151138930646","0.4313256741268667","CCLX","unrestricted","executed","","215.66283706343333","0",""
"e101","33","u00163","rebalancer","migration","solar","mangrove","48.93275188721247","receipts","58.12638319688849","48.93275188721247","58.886419327696785","58.24286893475801","58.01013043049471","0.232738504263293","CCLX","unrestricted","executed","","0","58.12638319688849","58.12638319688849"
"e102","33","u00227","rebalancer","deposit","wallet","mangrove","107.54189582612807","CCLX","107.54189582612807","0","108.9466763290111","107.54189582612807","107.32681203447581","0.21508379165225613","CCLX","unrestricted","executed","","107.54189582612807","0",""
"e103","34","u00005","active_user","deposit","wallet","solar","44.4991398802136","CCLX","44.4991398802136","0","37.31119927065447","44.4991398802136","44.41014160045317","0.08899827976042719","CCLX","unrestricted","executed","","44.4991398802136","0",""
"e104","34","u00205","active_user","deposit","wallet","mangrove","157.62179396980096","CCLX","157.62179396980096","0","159.67748434399255","157.62179396980096","157.30655038186137","0.31524358793960194","CCLX","unrestricted","executed","","157.62179396980096","0",""
"e106","34","u00132","long_term","deposit","wallet","mangrove","479.78695345769097","CCLX","479.78695345769097","0","486.02040371974","479.78695345769097","478.82737955077556","0.9595739069153819","CCLX","unrestricted","executed","","479.78695345769097","0",""
"e107","35","u00222","whale","deposit","wallet","forest","2873.27901398385","CCLX","2873.27901398385","0","2571.677123666508","2873.27901398385","2867.532455955882","5.7465580279676995","CCLX","unrestricted","executed","","2873.27901398385","0",""
"e108","35","u00104","long_term","deposit","wallet","solar","84.99357181871635","CCLX","84.99357181871635","0","71.26431055413559","84.99357181871635","84.82358467507892","0.1699871436374327","CCLX","unrestricted","executed","","84.99357181871635","0",""
"e109","35","u00134","rebalancer","deposit","wallet","forest","537.3001065809053","CCLX","537.3001065809053","0","480.8218985160347","537.3001065809053","536.2255063677435","1.0746002131618106","CCLX","unrestricted","executed","","537.3001065809053","0",""
"e110","36","u00157","rebalancer","withdraw","forest","wallet","14.292316505741638","receipts","15.907696479909122","14.292316505741638","0","15.939575631171465","15.907696479909122","0.031879151262342934","CCLX","unrestricted","executed","","0","15.907696479909122",""
"e111","37","u00247","long_term","deposit","wallet","solar","120.08896006740169","CCLX","120.08896006740169","0","100.69005581503734","120.08896006740169","119.84878214726689","0.24017792013480338","CCLX","unrestricted","executed","","120.08896006740169","0",""
"e112","37","u00137","long_term","deposit","wallet","forest","159.91576209709075","CCLX","159.91576209709075","0","143.10166083858348","159.91576209709075","159.59593057289658","0.3198315241941815","CCLX","unrestricted","executed","","159.91576209709075","0",""
"e113","37","u00087","active_user","deposit","wallet","solar","31.07240732194084","CCLX","31.07240732194084","0","26.052928594872355","31.07240732194084","31.010262507296957","0.062144814643881684","CCLX","unrestricted","executed","","31.07240732194084","0",""
"e114","38","u00249","restricted_user","deposit","wallet","mangrove","236.48726710964397","CCLX","236.48726710964397","0","239.54650700418279","236.48726710964397","236.0142925754247","0.4729745342192879","CCLX","restricted","executed","","236.48726710964397","0",""
"e115","38","u00282","rebalancer","deposit","wallet","solar","94.77546635657777","CCLX","94.77546635657777","0","79.46502748597413","94.77546635657777","94.5859154238646","0.18955093271315554","CCLX","unrestricted","executed","","94.77546635657777","0",""
"e116","39","u00027","long_term","withdraw","mangrove","wallet","7.7025575067268175","receipts","7.57393574931752","7.7025575067268175","0","7.5891139772720635","7.57393574931752","0.015178227954544127","CCLX","unrestricted","executed","","0","7.57393574931752",""
"e117","39","u00039","active_user","migration","forest","solar","2.1914606003630652","receipts","2.4391844338756057","2.1914606003630652","2.045142425224185","2.444072579033673","2.4343060650078545","0.009766514025818556","CCLX","unrestricted","executed","","0","2.4391844338756057","2.4391844338756057"
"e118","39","u00167","long_term","deposit","wallet","solar","94.21324114864068","CCLX","94.21324114864068","0","78.99319506902248","94.21324114864068","94.02481466634339","0.18842648229728134","CCLX","unrestricted","executed","","94.21324114864068","0",""
"e119","39","u00269","long_term","deposit","wallet","forest","14.944642462343104","CCLX","14.944642462343104","0","13.3732011790853","14.944642462343104","14.914753177418419","0.029889284924686208","CCLX","unrestricted","executed","","14.944642462343104","0",""
"e120","40","u00276","active_user","deposit","wallet","solar","17.080620066056667","CCLX","17.080620066056667","0","14.321219663601369","17.080620066056667","17.046458825924553","0.03416124013211334","CCLX","unrestricted","executed","","17.080620066056667","0",""
"e121","41","u00248","restricted_user","deposit","wallet","mangrove","111.11190471218539","CCLX","111.11190471218539","0","112.54638288263232","111.11190471218539","110.88968090276101","0.22222380942437078","CCLX","restricted","executed","","111.11190471218539","0",""
"e122","42","u00248","restricted_user","withdraw","mangrove","wallet","25.560602599442003","receipts","25.134143893209753","25.560602599442003","0","25.184512919047847","25.134143893209753","0.050369025838095695","CCLX","restricted","executed","","0","25.134143893209753",""
"e123","42","u00246","long_term","deposit","wallet","forest","400.5682516648665","CCLX","400.5682516648665","0","358.4410050061997","400.5682516648665","399.76711516153676","0.8011365033297331","CCLX","unrestricted","executed","","400.5682516648665","0",""
"e124","42","u00030","active_user","deposit","wallet","solar","131.83143821360915","CCLX","131.83143821360915","0","110.53340314561501","131.83143821360915","131.56777533718193","0.2636628764272183","CCLX","unrestricted","executed","","131.83143821360915","0",""
"e127","43","u00210","rebalancer","deposit","wallet","forest","51.6212587281906","CCLX","51.6212587281906","0","46.19131199084222","51.6212587281906","51.51801621073422","0.1032425174563812","CCLX","unrestricted","executed","","51.6212587281906","0",""
"e128","43","u00280","rebalancer","deposit","wallet","mangrove","103.93315051173708","CCLX","103.93315051173708","0","105.27361361100338","103.93315051173708","103.72528421071361","0.20786630102347417","CCLX","unrestricted","executed","","103.93315051173708","0",""
"e129","43","u00270","rebalancer","deposit","wallet","solar","46.491078480447","CCLX","46.491078480447","0","38.980013953056186","46.491078480447","46.39809632348611","0.092982156960894","CCLX","unrestricted","executed","","46.491078480447","0",""
"e130","44","u00114","active_user","deposit","","","0","CCLX","0","0","0","0","0","0","CCLX","unrestricted","rejected","Insufficient available wallet balance.","0","0",""
"e131","45","u00280","rebalancer","migration","mangrove","solar","11.745380326249888","receipts","11.54957012536889","11.745380326249888","9.683614214882255","11.572715556481853","11.526470985118152","0.046244571363701484","CCLX","unrestricted","executed","","0","11.54957012536889","11.54957012536889"
"e132","45","u00159","active_user","deposit","wallet","forest","182.87501754350453","CCLX","182.87501754350453","0","163.63687844155356","182.87501754350453","182.5092675084175","0.36575003508700904","CCLX","unrestricted","executed","","182.87501754350453","0",""
"e133","46","u00046","long_term","deposit","wallet","solar","30.469685821826403","CCLX","30.469685821826403","0","25.54695371352136","30.469685821826403","30.40874645018275","0.060939371643652804","CCLX","unrestricted","executed","","30.469685821826403","0",""
"e134","46","u00148","long_term","deposit","wallet","mangrove","51.75836173877303","CCLX","51.75836173877303","0","52.425372313475236","51.75836173877303","51.654845015295486","0.10351672347754606","CCLX","unrestricted","executed","","51.75836173877303","0",""
"e135","47","u00222","whale","deposit","wallet","forest","1227.5817787210294","CCLX","1227.5817787210294","0","1098.367706310004","1227.5817787210294","1225.1266151635873","2.455163557442059","CCLX","unrestricted","executed","","1227.5817787210294","0",""
"e136","49","u00251","rebalancer","deposit","wallet","solar","94.92142745841754","CCLX","94.92142745841754","0","79.58548574149609","94.92142745841754","94.7315846035007","0.18984285491683509","CCLX","unrestricted","executed","","94.92142745841754","0",""
"e137","50","u00002","rebalancer","deposit","wallet","forest","64.0135517530494","CCLX","64.0135517530494","0","57.271986852632836","64.0135517530494","63.8855246495433","0.1280271035060988","CCLX","unrestricted","executed","","64.0135517530494","0",""
"e138","50","u00296","rebalancer","deposit","wallet","solar","169.45572959751655","CCLX","169.45572959751655","0","142.07662544073537","169.45572959751655","169.11681813832152","0.3389114591950331","CCLX","unrestricted","executed","","169.45572959751655","0",""
"e139","51","u00193","active_user","migration","mangrove","solar","6.132902603724155","receipts","6.030699360578787","6.132902603724155","5.0562892141751945","6.042784930439666","6.018637961857629","0.024146968582036906","CCLX","unrestricted","executed","","0","6.030699360578787","6.030699360578787"
"e141","51","u00198","rebalancer","deposit","wallet","solar","243.2930767959553","CCLX","243.2930767959553","0","203.98156917700544","243.2930767959553","242.8064906423634","0.4865861535919106","CCLX","unrestricted","executed","","243.2930767959553","0",""
"e142","51","u00280","rebalancer","migration","mangrove","forest","8.497104158008032","receipts","8.35549279964203","8.497104158008032","7.4755109515972435","8.372237274190411","8.338781814042747","0.03345546014766489","CCLX","unrestricted","executed","","0","8.35549279964203","8.35549279964203"
"e143","52","u00097","long_term","deposit","wallet","forest","30.437410917439998","CCLX","30.437410917439998","0","27.231759913498536","30.437410917439998","30.37653609560512","0.060874821834879994","CCLX","unrestricted","executed","","30.437410917439998","0",""
"e145","52","u00283","long_term","deposit","wallet","forest","168.7871192896094","CCLX","168.7871192896094","0","151.00910702091642","168.7871192896094","168.44954505103019","0.3375742385792188","CCLX","unrestricted","executed","","168.7871192896094","0",""
"e146","52","u00058","active_user","migration","forest","mangrove","20.00247066002263","receipts","22.268140180494637","20.00247066002263","22.555031451163813","22.312765711918473","22.223603900133647","0.08916181178482623","CCLX","unrestricted","executed","","0","22.268140180494637","22.268140180494637"
"e147","52","u00236","active_user","migration","solar","forest","24.312935452593933","receipts","28.882841972815804","24.312935452593933","25.840479353209957","28.940723419655114","28.82507628887017","0.11564713078494183","CCLX","unrestricted","executed","","0","28.882841972815804","28.882841972815804"
"e148","52","u00278","active_user","deposit","wallet","solar","98.58310925135056","CCLX","98.58310925135056","0","82.6533033810556","98.58310925135056","98.38594303284786","0.19716621850270113","CCLX","unrestricted","executed","","98.58310925135056","0",""
"e150","53","u00184","long_term","deposit","wallet","solar","60.41022322370822","CCLX","60.41022322370822","0","50.648454680573195","60.41022322370822","60.289402777260804","0.12082044644741645","CCLX","unrestricted","executed","","60.41022322370822","0",""
"e151","53","u00023","active_user","deposit","wallet","mangrove","151.30055211111835","CCLX","151.30055211111835","0","153.24777990812436","151.30055211111835","150.9979510068961","0.3026011042222367","CCLX","unrestricted","executed","","151.30055211111835","0",""
"e152","53","u00287","rebalancer","deposit","wallet","solar","239.91087539536932","CCLX","239.91087539536932","0","201.14165519177914","239.91087539536932","239.43105364457858","0.47982175079073863","CCLX","unrestricted","executed","","239.91087539536932","0",""
"e153","54","u00093","active_user","migration","solar","mangrove","8.254528064718642","receipts","9.806274856035598","8.254528064718642","9.932357576908544","9.825926709454507","9.786662306323526","0.03926440313098021","CCLX","unrestricted","executed","","0","9.806274856035598","9.806274856035598"
"e154","54","u00069","rebalancer","deposit","wallet","mangrove","123.55982614752914","CCLX","123.55982614752914","0","125.1471915030852","123.55982614752914","123.31270649523408","0.24711965229505828","CCLX","unrestricted","executed","","123.55982614752914","0",""
"e156","54","u00197","long_term","deposit","wallet","mangrove","39.502347894943576","CCLX","39.502347894943576","0","40.00932912854478","39.502347894943576","39.42334319915369","0.07900469578988716","CCLX","unrestricted","executed","","39.502347894943576","0",""
"e157","54","u00286","active_user","deposit","wallet","forest","22.004861403225874","CCLX","22.004861403225874","0","19.686939909122884","22.004861403225874","21.960851680419424","0.04400972280645175","CCLX","unrestricted","executed","","22.004861403225874","0",""
"e158","55","u00194","active_user","deposit","wallet","mangrove","15.85289619364844","CCLX","15.85289619364844","0","16.05628699553199","15.85289619364844","15.821190401261143","0.031705792387296886","CCLX","unrestricted","executed","","15.85289619364844","0",""
"e159","55","u00100","active_user","deposit","wallet","solar","36.955092146848116","CCLX","36.955092146848116","0","30.982982884161174","36.955092146848116","36.88118196255442","0.07391018429369624","CCLX","unrestricted","executed","","36.955092146848116","0",""
"e160","55","u00042","long_term","deposit","wallet","solar","363.1147994647665","CCLX","363.1147994647665","0","304.43038192298263","363.1147994647665","362.388569865837","0.7262295989295331","CCLX","unrestricted","executed","","363.1147994647665","0",""
"e161","55","u00264","active_user","deposit","wallet","forest","49.800321941840096","CCLX","49.800321941840096","0","44.55436186911538","49.800321941840096","49.70072129795641","0.09960064388368019","CCLX","unrestricted","executed","","49.800321941840096","0",""
"e163","56","u00176","long_term","deposit","wallet","mangrove","394.21804331087327","CCLX","394.21804331087327","0","399.26319320849143","394.21804331087327","393.4296072242515","0.7884360866217466","CCLX","unrestricted","executed","","394.21804331087327","0",""
"e164","57","u00158","long_term","deposit","wallet","solar","182.64845779167035","CCLX","182.64845779167035","0","153.1275644558482","182.64845779167035","182.283160876087","0.3652969155833407","CCLX","unrestricted","executed","","182.64845779167035","0",""
"e165","58","u00275","long_term","deposit","wallet","mangrove","31.832763471047965","CCLX","31.832763471047965","0","32.23909611511044","31.832763471047965","31.76909794410587","0.06366552694209593","CCLX","unrestricted","executed","","31.832763471047965","0",""
"e168","59","u00188","active_user","deposit","wallet","solar","88.99642986014611","CCLX","88.99642986014611","0","74.6116470308043","88.99642986014611","88.81843700042582","0.17799285972029222","CCLX","unrestricted","executed","","88.99642986014611","0",""
"e170","59","u00143","rebalancer","deposit","wallet","mangrove","18.072867821451716","CCLX","18.072867821451716","0","18.303490426857024","18.072867821451716","18.03672208580881","0.03614573564290343","CCLX","unrestricted","executed","","18.072867821451716","0",""
"e172","59","u00180","rebalancer","deposit","wallet","solar","31.407552794456606","CCLX","31.407552794456606","0","26.330958427861333","31.407552794456606","31.344737688867692","0.06281510558891322","CCLX","unrestricted","executed","","31.407552794456606","0",""
"e173","60","u00105","rebalancer","deposit","wallet","forest","47.34536158305499","CCLX","47.34536158305499","0","42.3578087342903","47.34536158305499","47.25067085988888","0.09469072316610998","CCLX","unrestricted","executed","","47.34536158305499","0",""
"e174","60","u00240","rebalancer","deposit","wallet","forest","152.8752952556643","CCLX","152.8752952556643","0","136.76947247888893","152.8752952556643","152.56954466515296","0.3057505905113286","CCLX","unrestricted","executed","","152.8752952556643","0",""
"e175","61","u00213","whale","deposit","wallet","solar","369.01759331932135","CCLX","369.01759331932135","0","309.36753875296563","369.01759331932135","368.2795581326827","0.7380351866386428","CCLX","unrestricted","executed","","369.01759331932135","0",""
"e176","61","u00054","active_user","migration","mangrove","forest","4.262571806903801","receipts","4.192049582742155","4.262571806903801","3.7503775591030717","4.200450483709574","4.183665483576671","0.016785000132903457","CCLX","unrestricted","executed","","0","4.192049582742155","4.192049582742155"
"e177","62","u00208","long_term","deposit","wallet","solar","248.7020166259796","CCLX","248.7020166259796","0","208.49681247444823","248.7020166259796","248.20461259272764","0.49740403325195925","CCLX","unrestricted","executed","","248.7020166259796","0",""
"e179","63","u00185","restricted_user","deposit","wallet","forest","90.82924534312777","CCLX","90.82924534312777","0","81.25915479147807","90.82924534312777","90.6475868524415","0.18165849068625553","CCLX","restricted","executed","","90.82924534312777","0",""
"e180","63","u00151","active_user","deposit","wallet","solar","110.42391333580014","CCLX","110.42391333580014","0","92.57183098886162","110.42391333580014","110.20306550912854","0.22084782667160027","CCLX","unrestricted","executed","","110.42391333580014","0",""
"e183","64","u00022","active_user","deposit","wallet","solar","80.89192610829477","CCLX","80.89192610829477","0","67.81387410778552","80.89192610829477","80.73014225607818","0.16178385221658953","CCLX","unrestricted","executed","","80.89192610829477","0",""
"e184","64","u00257","active_user","deposit","wallet","solar","125.84972618086545","CCLX","125.84972618086545","0","105.50259091379121","125.84972618086545","125.59802672850371","0.2516994523617309","CCLX","unrestricted","executed","","125.84972618086545","0",""
"e185","65","u00219","rebalancer","deposit","wallet","forest","555.6985167021562","CCLX","555.6985167021562","0","497.1326900573913","555.6985167021562","554.5871196687519","1.1113970334043124","CCLX","unrestricted","executed","","555.6985167021562","0",""
"e186","65","u00141","active_user","deposit","wallet","mangrove","14.394131153685938","CCLX","14.394131153685938","0","14.577783447923139","14.394131153685938","14.365342891378566","0.028788262307371876","CCLX","unrestricted","executed","","14.394131153685938","0",""
"e189","66","u00020","rebalancer","deposit","wallet","solar","90.65886330835994","CCLX","90.65886330835994","0","76.00085377972573","90.65886330835994","90.47754558174321","0.18131772661671988","CCLX","unrestricted","executed","","90.65886330835994","0",""
"e190","66","u00210","rebalancer","deposit","wallet","mangrove","27.011380739626716","CCLX","27.011380739626716","0","27.355927088297904","27.011380739626716","26.957357978147463","0.05402276147925343","CCLX","unrestricted","executed","","27.011380739626716","0",""
"e191","66","u00270","rebalancer","deposit","wallet","mangrove","66.71473128950089","CCLX","66.71473128950089","0","67.56522955326363","66.71473128950089","66.58130182692189","0.1334294625790018","CCLX","unrestricted","executed","","66.71473128950089","0",""
"e192","66","u00279","rebalancer","deposit","wallet","solar","108.10633109547861","CCLX","108.10633109547861","0","90.6268528313376","108.10633109547861","107.89011843328765","0.21621266219095722","CCLX","unrestricted","executed","","108.10633109547861","0",""
"e193","66","u00260","long_term","deposit","wallet","forest","110.27631486729595","CCLX","110.27631486729595","0","98.65098208980635","110.27631486729595","110.05576223756135","0.22055262973459192","CCLX","unrestricted","executed","","110.27631486729595","0",""
"e195","67","u00270","rebalancer","migration","solar","mangrove","12.005293534217154","receipts","14.263603010490536","12.005293534217154","14.445349292596802","14.292187385261059","14.235075804469556","0.05711158079150319","CCLX","unrestricted","executed","","0","14.263603010490536","14.263603010490536"
"e196","68","u00096","rebalancer","deposit","wallet","mangrove","69.99356104362053","CCLX","69.99356104362053","0","70.8849559633527","69.99356104362053","69.8535739215333","0.13998712208724107","CCLX","unrestricted","executed","","69.99356104362053","0",""
"e197","68","u00108","active_user","withdraw","forest","wallet","20.954870751170663","receipts","23.330750829284543","20.954870751170663","0","23.377505840966478","23.330750829284543","0.046755011681932954","CCLX","unrestricted","executed","","0","23.330750829284543",""
"e198","68","u00292","long_term","deposit","wallet","mangrove","516.2965432867692","CCLX","516.2965432867692","0","522.8481521515641","516.2965432867692","515.2639502001956","1.0325930865735384","CCLX","unrestricted","executed","","516.2965432867692","0",""
"e199","68","u00187","active_user","deposit","wallet","forest","43.37900842481431","CCLX","43.37900842481431","0","38.80579250212759","43.37900842481431","43.29225040796468","0.08675801684962862","CCLX","unrestricted","executed","","43.37900842481431","0",""
"e200","68","u00204","long_term","deposit","wallet","forest","85.0718864640482","CCLX","85.0718864640482","0","76.102743974654","85.0718864640482","84.9017426911201","0.1701437729280964","CCLX","unrestricted","executed","","85.0718864640482","0",""
"e201","69","u00129","long_term","withdraw","solar","wallet","16.152470017748772","receipts","19.190884533685633","16.152470017748772","0","19.229343220125884","19.190884533685633","0.03845868644025177","CCLX","unrestricted","executed","","0","19.190884533685633",""
"e202","70","u00078","active_user","deposit","wallet","mangrove","79.7936187573396","CCLX","79.7936187573396","0","80.80245767533779","79.7936187573396","79.63403151982492","0.1595872375146792","CCLX","unrestricted","executed","","79.7936187573396","0",""
"e203","70","u00199","rebalancer","deposit","wallet","solar","241.5410168348088","CCLX","241.5410168348088","0","202.485162534751","241.5410168348088","241.0579348011392","0.4830820336696176","CCLX","unrestricted","executed","","241.5410168348088","0",""
"e205","71","u00238","long_term","deposit","wallet","forest","36.29113046426361","CCLX","36.29113046426361","0","32.46476126043126","36.29113046426361","36.21854820333508","0.07258226092852722","CCLX","unrestricted","executed","","36.29113046426361","0",""
"e206","71","u00200","rebalancer","deposit","wallet","mangrove","59.59044270220312","CCLX","59.59044270220312","0","60.34320262866095","59.59044270220312","59.471261816798716","0.11918088540440624","CCLX","unrestricted","executed","","59.59044270220312","0",""
"e207","71","u00219","rebalancer","deposit","wallet","mangrove","268.66348588358716","CCLX","268.66348588358716","0","272.0504221741576","268.66348588358716","268.12615891181997","0.5373269717671744","CCLX","unrestricted","executed","","268.66348588358716","0",""
"e208","71","u00001","long_term","deposit","wallet","mangrove","214.89844145968638","CCLX","214.89844145968638","0","217.59947467967868","214.89844145968638","214.46864457676702","0.4297968829193728","CCLX","unrestricted","executed","","214.89844145968638","0",""
"e209","72","u00151","active_user","deposit","wallet","solar","104.06515782865547","CCLX","104.06515782865547","0","87.23754479829222","104.06515782865547","103.85702751299816","0.20813031565731094","CCLX","unrestricted","executed","","104.06515782865547","0",""
"e210","72","u00210","rebalancer","migration","forest","solar","10.114748295249509","receipts","11.261726283264347","10.114748295249509","9.440644499845803","11.284294873010367","11.239202830697819","0.04509204231254943","CCLX","unrestricted","executed","","0","11.261726283264347","11.261726283264347"
"e211","72","u00040","active_user","deposit","wallet","solar","39.62354438184126","CCLX","39.62354438184126","0","33.21615627966821","39.62354438184126","39.544297293077584","0.07924708876368253","CCLX","unrestricted","executed","","39.62354438184126","0",""
"e212","72","u00106","active_user","deposit","wallet","solar","23.248480148371755","CCLX","23.248480148371755","0","19.489013273268938","23.248480148371755","23.201983188075012","0.04649696029674351","CCLX","unrestricted","executed","","23.248480148371755","0",""
"e213","73","u00089","long_term","deposit","wallet","solar","75.68479453842124","CCLX","75.68479453842124","0","63.44577562762424","75.68479453842124","75.53342494934441","0.1513695890768425","CCLX","unrestricted","executed","","75.68479453842124","0",""
"e214","74","u00079","rebalancer","migration","solar","forest","35.319786266009096","receipts","41.96483163767494","35.319786266009096","37.54015308874659","42.04892949666828","41.88090197439959","0.16802752226868645","CCLX","unrestricted","executed","","0","41.96483163767494","41.96483163767494"
"e215","74","u00240","rebalancer","withdraw","forest","wallet","72.94345327525035","receipts","81.21495745612728","72.94345327525035","0","81.37771288189106","81.21495745612728","0.16275542576378213","CCLX","unrestricted","executed","","0","81.21495745612728",""
"e216","75","u00127","long_term","deposit","wallet","solar","317.12821491879754","CCLX","317.12821491879754","0","265.84297203365713","317.12821491879754","316.49395848895995","0.6342564298375951","CCLX","unrestricted","executed","","317.12821491879754","0",""
"e217","75","u00169","active_user","deposit","wallet","solar","196.33128670561865","CCLX","196.33128670561865","0","164.57866415660828","196.33128670561865","195.93862413220742","0.39266257341123734","CCLX","unrestricted","executed","","196.33128670561865","0",""
"e218","75","u00009","active_user","migration","solar","mangrove","25.14508578217138","receipts","29.876671954095364","25.14508578217138","30.251617776229978","29.93654504418373","29.816918610187173","0.1196264339965582","CCLX","unrestricted","executed","","0","29.876671954095364","29.876671954095364"
"e220","76","u00106","active_user","withdraw","solar","wallet","3.681491802640063","receipts","4.374239058500156","3.681491802640063","0","4.383005068637431","4.374239058500156","0.008766010137274861","CCLX","unrestricted","executed","","0","4.374239058500156",""
"e221","76","u00149","restricted_user","deposit","wallet","solar","178.26252921448423","CCLX","178.26252921448423","0","149.43087640265003","178.26252921448423","177.90600415605527","0.3565250584289685","CCLX","restricted","executed","","178.26252921448423","0",""
"e222","77","u00129","long_term","deposit","wallet","mangrove","78.7464992814736","CCLX","78.7464992814736","0","79.73408364108764","78.7464992814736","78.58900628291066","0.1574929985629472","CCLX","unrestricted","executed","","78.7464992814736","0",""
"e223","77","u00264","active_user","migration","forest","solar","5.052239044080368","receipts","5.625119725475088","5.052239044080368","4.715305122546852","5.63639251049608","5.613869486024138","0.022523024471942335","CCLX","unrestricted","executed","","0","5.625119725475088","5.625119725475088"
"e225","77","u00016","active_user","deposit","wallet","solar","71.88184884468549","CCLX","71.88184884468549","0","60.255448198411614","71.88184884468549","71.73808514699613","0.143763697689371","CCLX","unrestricted","executed","","71.88184884468549","0",""
"e226","77","u00277","long_term","deposit","wallet","mangrove","92.19700536662357","CCLX","92.19700536662357","0","93.35204720683396","92.19700536662357","92.01261135589033","0.18439401073324715","CCLX","unrestricted","executed","","92.19700536662357","0",""
"e227","77","u00153","long_term","deposit","wallet","forest","53.000284110663394","CCLX","53.000284110663394","0","47.412233129376546","53.000284110663394","52.89428354244207","0.1060005682213268","CCLX","unrestricted","executed","","53.000284110663394","0",""
"e229","78","u00157","rebalancer","deposit","wallet","solar","126.45722165976066","CCLX","126.45722165976066","0","106.00303315604106","126.45722165976066","126.20430721644114","0.25291444331952134","CCLX","unrestricted","executed","","126.45722165976066","0",""
"e230","78","u00026","rebalancer","deposit","wallet","solar","123.25900799887255","CCLX","123.25900799887255","0","103.32139716902748","123.25900799887255","123.0124899828748","0.2465180159977451","CCLX","unrestricted","executed","","123.25900799887255","0",""
"e231","78","u00110","long_term","deposit","wallet","forest","100.06819188486949","CCLX","100.06819188486949","0","89.51690699276514","100.06819188486949","99.86805550109975","0.200136383769739","CCLX","unrestricted","executed","","100.06819188486949","0",""
"e232","78","u00281","active_user","deposit","wallet","forest","12.97670414857571","CCLX","12.97670414857571","0","11.608365043764934","12.97670414857571","12.950750740278558","0.02595340829715142","CCLX","unrestricted","executed","","12.97670414857571","0",""
"e233","78","u00039","active_user","migration","mangrove","forest","0.493428858221461","receipts","0.48537976343836636","0.493428858221461","0.43419821932911873","0.4863524683751166","0.4844090039114896","0.001943464463626966","CCLX","unrestricted","executed","","0","0.48537976343836636","0.48537976343836636"
"e234","78","u00236","active_user","deposit","wallet","mangrove","204.027115544823","CCLX","204.027115544823","0","206.57846321258694","204.027115544823","203.61906131373337","0.408054231089646","CCLX","unrestricted","executed","","204.027115544823","0",""
"e235","78","u00296","rebalancer","deposit","wallet","solar","51.88519166632503","CCLX","51.88519166632503","0","43.49235110683367","51.88519166632503","51.781421282992376","0.10377038333265005","CCLX","unrestricted","executed","","51.88519166632503","0",""
"e236","78","u00216","active_user","deposit","wallet","forest","36.81201839929476","CCLX","36.81201839929476","0","32.93026481475681","36.81201839929476","36.738394362496166","0.07362403679858952","CCLX","unrestricted","executed","","36.81201839929476","0",""
"e237","79","u00012","long_term","deposit","wallet","mangrove","36.97093840878806","CCLX","36.97093840878806","0","37.432562922127545","36.97093840878806","36.89699653197048","0.07394187681757612","CCLX","unrestricted","executed","","36.97093840878806","0",""
"e238","79","u00072","long_term","deposit","wallet","solar","46.03657545839449","CCLX","46.03657545839449","0","38.589688459876925","46.03657545839449","45.9445023074777","0.09207315091678897","CCLX","unrestricted","executed","","46.03657545839449","0",""
"e239","79","u00269","long_term","withdraw","forest","wallet","2.7806302002937056","receipts","3.095989144981839","2.7806302002937056","0","3.1021935320459306","3.095989144981839","0.006204387064091862","CCLX","unrestricted","executed","","0","3.095989144981839",""
"e240","80","u00213","whale","migration","solar","mangrove","27.031067713700285","receipts","32.11856912574917","27.031067713700285","32.519433164270595","32.18293499574065","32.05433198749767","0.12860300824297966","CCLX","unrestricted","executed","","0","32.11856912574917","32.11856912574917"
"e241","80","u00029","long_term","deposit","wallet","forest","80.2051085709252","CCLX","80.2051085709252","0","71.74725811812095","80.2051085709252","80.04469835378336","0.16041021714185041","CCLX","unrestricted","executed","","80.2051085709252","0",""
"e242","80","u00222","whale","withdraw","forest","wallet","678.6921140621081","receipts","755.642596212667","678.6921140621081","0","757.1569100327324","755.642596212667","1.5143138200654649","CCLX","unrestricted","executed","","0","755.642596212667",""
"e243","81","u00069","rebalancer","deposit","wallet","forest","194.6543939152305","CCLX","194.6543939152305","0","174.13795930868946","194.6543939152305","194.26508512740003","0.38930878783046097","CCLX","unrestricted","executed","","194.6543939152305","0",""
"e244","81","u00252","long_term","deposit","wallet","mangrove","45.474745858976135","CCLX","45.474745858976135","0","46.04202986555174","45.474745858976135","45.383796367258185","0.09094949171795227","CCLX","unrestricted","executed","","45.474745858976135","0",""
"e245","81","u00286","active_user","deposit","wallet","mangrove","34.386999885625286","CCLX","34.386999885625286","0","34.81575334328227","34.386999885625286","34.318225885854034","0.06877399977125058","CCLX","unrestricted","executed","","34.386999885625286","0",""
"e246","81","u00257","active_user","migration","solar","mangrove","25.098916169108747","receipts","29.822716241007672","25.098916169108747","30.1944106859155","29.8824812034145","29.763070808525658","0.11941039488884433","CCLX","unrestricted","executed","","0","29.822716241007672","29.822716241007672"
"e247","81","u00236","active_user","deposit","wallet","solar","91.12747420041396","CCLX","91.12747420041396","0","76.38664558250457","91.12747420041396","90.94521925201313","0.18225494840082793","CCLX","unrestricted","executed","","91.12747420041396","0",""
"e248","81","u00247","long_term","withdraw","solar","wallet","21.526919212271636","receipts","25.5785344814267","21.526919212271636","0","25.629794069565833","25.5785344814267","0.051259588139131666","CCLX","unrestricted","executed","","0","25.5785344814267",""
"e249","81","u00228","rebalancer","deposit","wallet","forest","545.9142796768499","CCLX","545.9142796768499","0","488.35790217574686","545.9142796768499","544.8224511174963","1.0918285593536998","CCLX","unrestricted","executed","","545.9142796768499","0",""
"e250","82","u00064","active_user","deposit","wallet","forest","18.214102658723803","CCLX","18.214102658723803","0","16.293326412094757","18.214102658723803","18.177674453406354","0.03642820531744761","CCLX","unrestricted","executed","","18.214102658723803","0",""
"e251","82","u00126","active_user","migration","forest","solar","5.560878062173459","receipts","6.191597657998092","5.560878062173459","5.1900348155759275","6.204005669336766","6.179214462682096","0.024791206654669717","CCLX","unrestricted","executed","","0","6.191597657998092","6.191597657998092"
"e252","82","u00174","restricted_user","deposit","wallet","forest","15.341031949428624","CCLX","15.341031949428624","0","13.723222699249163","15.341031949428624","15.310349885529767","0.030682063898857248","CCLX","unrestricted","executed","","15.341031949428624","0",""
"e253","82","u00063","rebalancer","migration","mangrove","forest","7.202556748973181","receipts","7.085478256152477","7.202556748973181","6.33826273586601","7.099677611375228","7.071307299640172","0.028370311735055408","CCLX","unrestricted","executed","","0","7.085478256152477","7.085478256152477"
"e254","82","u00192","active_user","deposit","wallet","solar","41.42516013009949","CCLX","41.42516013009949","0","34.72411272395402","41.42516013009949","41.34230980983929","0.08285032026019899","CCLX","unrestricted","executed","","41.42516013009949","0",""
"e255","82","u00039","active_user","deposit","wallet","solar","18.377716018162204","CCLX","18.377716018162204","0","15.404860375914723","18.377716018162204","18.340960586125878","0.036755432036324406","CCLX","unrestricted","executed","","18.377716018162204","0",""
"e256","83","u00268","restricted_user","deposit","wallet","mangrove","188.0950661221892","CCLX","188.0950661221892","0","190.4363946521189","188.0950661221892","187.71887598994482","0.3761901322443784","CCLX","restricted","executed","","188.0950661221892","0",""
"e259","83","u00291","rebalancer","deposit","wallet","solar","104.3909743432747","CCLX","104.3909743432747","0","87.50395439798012","104.3909743432747","104.18219239458816","0.20878194868654942","CCLX","unrestricted","executed","","104.3909743432747","0",""
"e261","84","u00002","rebalancer","deposit","wallet","forest","20.01043215641982","CCLX","20.01043215641982","0","17.900162352249026","20.01043215641982","19.97041129210698","0.04002086431283964","CCLX","unrestricted","executed","","20.01043215641982","0",""
"e262","85","u00005","active_user","deposit","wallet","mangrove","26.530910803198662","CCLX","26.530910803198662","0","26.860712364548817","26.530910803198662","26.477848981592263","0.05306182160639732","CCLX","unrestricted","executed","","26.530910803198662","0",""
"e263","85","u00022","active_user","deposit","wallet","forest","38.27456377217667","CCLX","38.27456377217667","0","34.238090365892276","38.27456377217667","38.198014644632316","0.07654912754435333","CCLX","unrestricted","executed","","38.27456377217667","0",""
"e264","85","u00111","long_term","deposit","wallet","forest","115.7594829465641","CCLX","115.7594829465641","0","103.55060587706976","115.7594829465641","115.52796398067098","0.2315189658931282","CCLX","unrestricted","executed","","115.7594829465641","0",""
"e265","85","u00202","active_user","deposit","wallet","forest","41.76666730194209","CCLX","41.76666730194209","0","37.36135320807807","41.76666730194209","41.68313396733821","0.0835333346038842","CCLX","unrestricted","executed","","41.76666730194209","0",""
"e267","85","u00201","restricted_user","deposit","wallet","forest","18.861531605373752","CCLX","18.861531605373752","0","16.872073702747002","18.861531605373752","18.823808542163004","0.037723063210747504","CCLX","restricted","executed","","18.861531605373752","0",""
"e268","85","u00188","active_user","deposit","wallet","forest","149.46781109346074","CCLX","149.46781109346074","0","133.70131105347537","149.46781109346074","149.16887547127382","0.2989356221869215","CCLX","unrestricted","executed","","149.46781109346074","0",""
"e269","86","u00145","active_user","deposit","wallet","forest","147.2798748254102","CCLX","147.2798748254102","0","131.74228696129285","147.2798748254102","146.98531507575936","0.2945597496508204","CCLX","unrestricted","executed","","147.2798748254102","0",""
"e270","86","u00276","active_user","deposit","wallet","solar","32.19942609229319","CCLX","32.19942609229319","0","26.990516105666757","32.19942609229319","32.1350272401086","0.06439885218458638","CCLX","unrestricted","executed","","32.19942609229319","0",""
"e272","87","u00155","active_user","deposit","wallet","forest","16.238971355960274","CCLX","16.238971355960274","0","14.525694015668705","16.238971355960274","16.206493413248353","0.032477942711920546","CCLX","unrestricted","executed","","16.238971355960274","0",""
"e273","87","u00133","active_user","deposit","wallet","mangrove","32.137197943788586","CCLX","32.137197943788586","0","32.5365433357656","32.137197943788586","32.072923547901006","0.06427439588757718","CCLX","unrestricted","executed","","32.137197943788586","0",""
"e274","87","u00087","active_user","migration","solar","forest","6.331591062784432","receipts","7.52334856120497","6.331591062784432","6.729597082128748","7.538425412029028","7.50830186408256","0.030123547946467995","CCLX","unrestricted","executed","","0","7.52334856120497","7.52334856120497"
"e275","88","u00270","rebalancer","migration","solar","forest","12.45434123874639","receipts","14.798538024972192","12.45434123874639","13.237202898832038","14.828194413799793","14.768940948922248","0.059253464877543974","CCLX","unrestricted","executed","","0","14.798538024972192","14.798538024972192"
"e277","88","u00008","long_term","deposit","wallet","solar","127.04293071590557","CCLX","127.04293071590557","0","106.49081784952432","127.04293071590557","126.78884485447375","0.25408586143181117","CCLX","unrestricted","executed","","127.04293071590557","0",""
"e278","88","u00134","rebalancer","withdraw","forest","wallet","55.792453265615464","receipts","62.123817329909656","55.792453265615464","0","62.2483139578253","62.123817329909656","0.12449662791565061","CCLX","unrestricted","executed","","0","62.123817329909656",""
"e279","88","u00209","active_user","deposit","wallet","solar","106.77706809372053","CCLX","106.77706809372053","0","89.50283477129415","106.77706809372053","106.56351395753309","0.21355413618744107","CCLX","unrestricted","executed","","106.77706809372053","0",""
"e280","89","u00228","rebalancer","withdraw","forest","wallet","89.09077801875227","receipts","99.20008482458908","89.09077801875227","0","99.39888258976862","99.20008482458908","0.19879776517953723","CCLX","unrestricted","executed","","0","99.20008482458908",""
"e281","89","u00279","rebalancer","migration","solar","mangrove","17.748834671414436","receipts","21.08983464054484","17.748834671414436","21.351815006462857","21.13209883822128","21.04765497126375","0.08444386695753225","CCLX","unrestricted","executed","","0","21.08983464054484","21.08983464054484"
"e282","89","u00059","long_term","deposit","wallet","mangrove","156.7210894193295","CCLX","156.7210894193295","0","158.66572377178818","156.7210894193295","156.40764724049083","0.313442178838659","CCLX","unrestricted","executed","","156.7210894193295","0",""
"e283","90","u00093","active_user","deposit","wallet","forest","38.983299852478766","CCLX","38.983299852478766","0","34.870779478223994","38.983299852478766","38.90533325277381","0.07796659970495753","CCLX","unrestricted","executed","","38.983299852478766","0",""
"e284","91","u00118","long_term","deposit","wallet","solar","70.85525253293538","CCLX","70.85525253293538","0","59.39217018475756","70.85525253293538","70.71354202786951","0.14171050506587077","CCLX","unrestricted","executed","","70.85525253293538","0",""
"e285","92","u00104","long_term","deposit","wallet","solar","53.061005523460324","CCLX","53.061005523460324","0","44.4765512868762","53.061005523460324","52.9548835124134","0.10612201104692065","CCLX","unrestricted","executed","","53.061005523460324","0",""
"e286","92","u00085","active_user","deposit","wallet","solar","46.77587824778544","CCLX","46.77587824778544","0","39.208150662481785","46.77587824778544","46.68232649128987","0.09355175649557089","CCLX","unrestricted","executed","","46.77587824778544","0",""
"e287","92","u00294","long_term","deposit","wallet","mangrove","498.5060035221793","CCLX","498.5060035221793","0","504.6661207478028","498.5060035221793","497.50899151513494","0.9970120070443587","CCLX","unrestricted","executed","","498.5060035221793","0",""
"e288","93","u00096","rebalancer","migration","mangrove","solar","15.494300981286154","receipts","15.244580399417318","15.494300981286154","12.778183618094772","15.275130660738796","15.214091238618483","0.06103942212031223","CCLX","unrestricted","executed","","0","15.244580399417318","15.244580399417318"
"e289","94","u00083","active_user","deposit","wallet","forest","172.88878391774674","CCLX","172.88878391774674","0","154.64840680151246","172.88878391774674","172.54300634991125","0.34577756783549346","CCLX","unrestricted","executed","","172.88878391774674","0",""
"e290","94","u00169","active_user","migration","solar","forest","30.449381239302053","receipts","36.181423301947305","30.449381239302053","32.36382991517894","36.253931164275855","36.10906045534341","0.1448707089324463","CCLX","unrestricted","executed","","0","36.181423301947305","36.181423301947305"
"e291","94","u00265","active_user","deposit","wallet","forest","46.362967680585015","CCLX","46.362967680585015","0","41.47092915792018","46.362967680585015","46.27024174522384","0.09272593536117003","CCLX","unrestricted","executed","","46.362967680585015","0",""
"e292","95","u00188","active_user","deposit","wallet","mangrove","89.80502197266361","CCLX","89.80502197266361","0","90.91085185785778","89.80502197266361","89.62541192871828","0.17961004394532723","CCLX","unrestricted","executed","","89.80502197266361","0",""
"e293","96","u00192","active_user","deposit","wallet","mangrove","46.80544421407921","CCLX","46.80544421407921","0","47.381292775971815","46.80544421407921","46.71183332565105","0.09361088842815841","CCLX","unrestricted","executed","","46.80544421407921","0",""
"e294","96","u00287","rebalancer","migration","solar","forest","31.905295576989364","receipts","37.91133151460532","31.905295576989364","33.910939026856795","37.98730612685904","37.835508851576115","0.15179727528292875","CCLX","unrestricted","executed","","0","37.91133151460532","37.91133151460532"
"e295","96","u00136","long_term","deposit","wallet","forest","191.22915559565672","CCLX","191.22915559565672","0","171.04882636177354","191.22915559565672","190.84669728446542","0.38245831119131346","CCLX","unrestricted","executed","","191.22915559565672","0",""
"e296","97","u00021","rebalancer","deposit","wallet","solar","208.01608831696424","CCLX","208.01608831696424","0","174.36112556234002","208.01608831696424","207.6000561403303","0.4160321766339285","CCLX","unrestricted","executed","","208.01608831696424","0",""
"e297","97","u00209","active_user","migration","solar","forest","6.3495770506240286","receipts","7.544936569775455","6.3495770506240286","6.74865818512626","7.560056683141738","7.529846696635905","0.03020998650583439","CCLX","unrestricted","executed","","0","7.544936569775455","7.544936569775455"
"e298","97","u00193","active_user","deposit","wallet","forest","18.0031813178625","CCLX","18.0031813178625","0","16.10313970572315","18.0031813178625","17.967174955226774","0.036006362635725","CCLX","unrestricted","executed","","18.0031813178625","0",""
"e299","97","u00146","rebalancer","deposit","wallet","forest","67.12818652609893","CCLX","67.12818652609893","0","60.043284594547","67.12818652609893","66.99393015304673","0.13425637305219787","CCLX","unrestricted","executed","","67.12818652609893","0",""
"e300","97","u00065","long_term","deposit","wallet","solar","213.82659843121115","CCLX","213.82659843121115","0","179.22949951607734","213.82659843121115","213.39894523434873","0.4276531968624223","CCLX","unrestricted","executed","","213.82659843121115","0",""
"e301","98","u00155","active_user","withdraw","forest","wallet","3.0438375078172992","receipts","3.3894119097488002","3.0438375078172992","0","3.3962043183855712","3.3894119097488002","0.0067924086367711425","CCLX","unrestricted","executed","","0","3.3894119097488002",""
"e302","98","u00169","active_user","migration","solar","forest","55.81336547355988","receipts","66.32134560444672","55.81336547355988","59.32123863208108","66.45425411267206","66.18870291323782","0.26555119943423755","CCLX","unrestricted","executed","","0","66.32134560444672","66.32134560444672"
"e303","98","u00147","active_user","deposit","wallet","mangrove","129.96371991807422","CCLX","129.96371991807422","0","131.560875906609","129.96371991807422","129.70379247823806","0.25992743983614847","CCLX","unrestricted","executed","","129.96371991807422","0",""
"e304","98","u00286","active_user","migration","forest","mangrove","1.7390464185827412","receipts","1.9364965174230746","1.7390464185827412","1.9602746861055493","1.9403772719670087","1.9326235243882284","0.007753747578780166","CCLX","unrestricted","executed","","0","1.9364965174230746","1.9364965174230746"
"e306","99","u00135","rebalancer","withdraw","mangrove","wallet","7.297721992153491","receipts","7.180389607456047","7.297721992153491","0","7.194779165787622","7.180389607456047","0.014389558331575245","CCLX","unrestricted","executed","","0","7.180389607456047",""
"e307","99","u00146","rebalancer","withdraw","forest","wallet","7.155433692296355","receipts","7.967852754288353","7.155433692296355","0","7.98382039507851","7.967852754288353","0.01596764079015702","CCLX","unrestricted","executed","","0","7.967852754288353",""
"e308","100","u00122","rebalancer","deposit","wallet","mangrove","651.1915740364791","CCLX","651.1915740364791","0","659.1551120583899","651.1915740364791","649.8891908884061","1.3023831480729582","CCLX","unrestricted","executed","","651.1915740364791","0",""
"e310","100","u00247","long_term","migration","solar","forest","10.84253304565504","receipts","12.883827466221526","10.84253304565504","11.523928172653541","12.909646759741008","12.858059811289083","0.05158694845192507","CCLX","unrestricted","executed","","0","12.883827466221526","12.883827466221526"
"e311","101","u00180","rebalancer","deposit","wallet","solar","20.453324582187328","CCLX","20.453324582187328","0","17.14394462062046","20.453324582187328","20.412417933022954","0.040906649164374656","CCLX","unrestricted","executed","","20.453324582187328","0",""
"e312","101","u00019","active_user","migration","mangrove","forest","30.703953719294418","receipts","30.213239582597744","30.703953719294418","27.024149616481736","30.273787156911567","30.15281310343255","0.12097405347901863","CCLX","unrestricted","executed","","0","30.213239582597744","30.213239582597744"
"e314","101","u00277","long_term","deposit","wallet","forest","32.15454219261599","CCLX","32.15454219261599","0","28.76045615854673","32.15454219261599","32.09023310823076","0.06430908438523199","CCLX","unrestricted","executed","","32.15454219261599","0",""
"e315","102","u00142","active_user","deposit","wallet","solar","107.75888966196212","CCLX","107.75888966196212","0","90.32300639199093","107.75888966196212","107.5433718826382","0.21551777932392424","CCLX","unrestricted","executed","","107.75888966196212","0",""
"e316","102","u00164","long_term","deposit","wallet","forest","119.64654680235707","CCLX","119.64654680235707","0","107.01642458327115","119.64654680235707","119.40725370875235","0.23929309360471412","CCLX","unrestricted","executed","","119.64654680235707","0",""
"e319","103","u00117","whale","deposit","wallet","mangrove","2353.6176934096484","CCLX","2353.6176934096484","0","2381.8606395707466","2353.6176934096484","2348.910458022829","4.707235386819296","CCLX","unrestricted","executed","","2353.6176934096484","0",""
"e320","103","u00216","active_user","deposit","wallet","forest","69.4330573236264","CCLX","69.4330573236264","0","62.10300395311788","69.4330573236264","69.29419120897914","0.1388661146472528","CCLX","unrestricted","executed","","69.4330573236264","0",""
"e321","103","u00089","long_term","migration","solar","forest","7.843270292939669","receipts","9.31996305992268","7.843270292939669","8.336022245697677","9.338640340603888","9.301323133802834","0.03731720680105313","CCLX","unrestricted","executed","","0","9.31996305992268","9.31996305992268"
"e324","104","u00050","rebalancer","deposit","wallet","forest","165.83158136048098","CCLX","165.83158136048098","0","148.3229168667458","165.83158136048098","165.49991819776002","0.33166316272096197","CCLX","unrestricted","executed","","165.83158136048098","0",""
"e325","104","u00115","rebalancer","withdraw","mangrove","wallet","26.304456800762097","receipts","25.89332292562537","26.304456800762097","0","25.94521335233003","25.89332292562537","0.051890426704660056","CCLX","unrestricted","executed","","0","25.89332292562537",""
"e326","104","u00205","active_user","migration","mangrove","forest","25.94443068148192","receipts","25.538822484530044","25.94443068148192","22.842197781661525","25.59000248950906","25.487744839560985","0.1022576499480782","CCLX","unrestricted","executed","","0","25.538822484530044","25.538822484530044"
"e327","104","u00147","active_user","deposit","wallet","mangrove","140.74054031690812","CCLX","140.74054031690812","0","142.4031927131582","140.74054031690812","140.4590592362743","0.28148108063381627","CCLX","unrestricted","executed","","140.74054031690812","0",""
"e328","105","u00087","active_user","migration","solar","forest","2.3304766779250956","receipts","2.769246540199034","2.3304766779250956","2.476840547285974","2.774796132463962","2.763708047118636","0.011088085345325991","CCLX","unrestricted","executed","","0","2.769246540199034","2.769246540199034"
"e329","105","u00026","rebalancer","deposit","wallet","forest","81.84293047919088","CCLX","81.84293047919088","0","73.2008006030228","81.84293047919088","81.6792446182325","0.16368586095838178","CCLX","unrestricted","executed","","81.84293047919088","0",""
"e330","105","u00070","rebalancer","deposit","wallet","solar","132.23173741382962","CCLX","132.23173741382962","0","110.83536172518507","132.23173741382962","131.96727393900196","0.26446347482765925","CCLX","unrestricted","executed","","132.23173741382962","0",""
"e331","106","u00032","restricted_user","deposit","wallet","mangrove","140.31561660949976","CCLX","140.31561660949976","0","141.97017927630804","140.31561660949976","140.03498537628076","0.2806312332189995","CCLX","restricted","executed","","140.31561660949976","0",""
"e332","106","u00064","active_user","deposit","","","0","CCLX","0","0","0","0","0","0","CCLX","unrestricted","rejected","Insufficient available wallet balance.","0","0",""
"e333","107","u00030","active_user","deposit","wallet","forest","60.28512599349014","CCLX","60.28512599349014","0","53.919004331110045","60.28512599349014","60.16455574150316","0.12057025198698028","CCLX","unrestricted","executed","","60.28512599349014","0",""
"e334","108","u00075","rebalancer","deposit","wallet","solar","128.6422201415971","CCLX","128.6422201415971","0","107.82587103312835","128.6422201415971","128.3849357013139","0.2572844402831942","CCLX","unrestricted","executed","","128.6422201415971","0",""
"e335","108","u00041","active_user","deposit","wallet","mangrove","191.36704702647296","CCLX","191.36704702647296","0","193.6186533763539","191.36704702647296","190.98431293242","0.38273409405294595","CCLX","unrestricted","executed","","191.36704702647296","0",""
"e336","108","u00254","rebalancer","deposit","wallet","forest","111.97613019231108","CCLX","111.97613019231108","0","100.15059818723239","111.97613019231108","111.75217793192645","0.22395226038462215","CCLX","unrestricted","executed","","111.97613019231108","0",""
"e338","108","u00068","long_term","deposit","wallet","mangrove","25.307195165018072","CCLX","25.307195165018072","0","25.604530409909785","25.307195165018072","25.256580774688036","0.050614390330036146","CCLX","unrestricted","executed","","25.307195165018072","0",""
"e339","108","u00147","active_user","deposit","wallet","solar","89.83157626478373","CCLX","89.83157626478373","0","75.29494095174596","89.83157626478373","89.65191311225416","0.17966315252956747","CCLX","unrestricted","executed","","89.83157626478373","0",""
"e340","109","u00251","rebalancer","deposit","wallet","forest","61.74270170531804","CCLX","61.74270170531804","0","55.221740905428305","61.74270170531804","61.61921630190741","0.12348540341063609","CCLX","unrestricted","executed","","61.74270170531804","0",""
"e342","109","u00155","active_user","migration","forest","solar","1.7929935379895738","receipts","1.9967173418374733","1.7929935379895738","1.6736022215336561","2.0007187793962657","1.9927239071537983","0.007994872242467478","CCLX","unrestricted","executed","","0","1.9967173418374733","1.9967173418374733"
"e343","110","u00023","active_user","withdraw","mangrove","wallet","38.29825490857452","receipts","37.7022134571569","38.29825490857452","0","37.7777689951472","37.7022134571569","0.0755555379902944","CCLX","unrestricted","executed","","0","37.7022134571569",""
"e345","110","u00169","active_user","deposit","wallet","forest","118.89708274269188","CCLX","118.89708274269188","0","106.33885374409147","118.89708274269188","118.6592885772065","0.23779416548538376","CCLX","unrestricted","executed","","118.89708274269188","0",""
"e346","110","u00087","active_user","deposit","wallet","solar","46.834152630687434","CCLX","46.834152630687434","0","39.255247839260846","46.834152630687434","46.74048432542606","0.09366830526137487","CCLX","unrestricted","executed","","46.834152630687434","0",""
"e347","110","u00299","whale","deposit","wallet","forest","3132.627143576881","CCLX","3132.627143576881","0","2801.312685638899","3132.627143576881","3126.361889289727","6.265254287153762","CCLX","unrestricted","executed","","3132.627143576881","0",""
"e348","111","u00279","rebalancer","migration","solar","forest","16.60908043206321","receipts","19.736582055611535","16.60908043206321","17.646517554763705","19.776134324260056","19.697108891500314","0.07902543275974319","CCLX","unrestricted","executed","","0","19.736582055611535","19.736582055611535"
"e349","111","u00298","rebalancer","deposit","wallet","forest","695.0988142183406","CCLX","695.0988142183406","0","621.4678919459693","695.0988142183406","693.708616589904","1.3901976284366813","CCLX","unrestricted","executed","","695.0988142183406","0",""
"e350","111","u00016","active_user","deposit","wallet","forest","77.79636985056472","CCLX","77.79636985056472","0","69.55291712912731","77.79636985056472","77.64077711086358","0.15559273970112944","CCLX","unrestricted","executed","","77.79636985056472","0",""
"e351","111","u00280","rebalancer","migration","forest","solar","0.7330241065634069","receipts","0.8166292459918186","0.7330241065634069","0.6844786205329001","0.8182657775469124","0.814995987499835","0.0032697900470774624","CCLX","unrestricted","executed","","0","0.8166292459918186","0.8166292459918186"
"e352","111","u00264","active_user","withdraw","forest","wallet","3.8989292325583262","receipts","4.343620921951719","3.8989292325583262","0","4.3523255730979145","4.343620921951719","0.008704651146195829","CCLX","unrestricted","executed","","0","4.343620921951719",""
"e353","111","u00122","rebalancer","migration","mangrove","forest","63.55799875914656","receipts","62.56835158567736","63.55799875914656","55.938139462377876","62.69373906380497","62.443214882506005","0.2505241812989647","CCLX","unrestricted","executed","","0","62.56835158567736","62.56835158567736"
"e354","112","u00194","active_user","deposit","wallet","solar","14.098933076978373","CCLX","14.098933076978373","0","11.817375220824033","14.098933076978373","14.070735210824417","0.028197866153956745","CCLX","unrestricted","executed","","14.098933076978373","0",""
"e355","112","u00063","rebalancer","deposit","wallet","forest","54.303148544118486","CCLX","54.303148544118486","0","48.54850671393797","54.303148544118486","54.19454224703025","0.10860629708823698","CCLX","unrestricted","executed","","54.303148544118486","0",""
"e356","112","u00188","active_user","withdraw","solar","wallet","16.111171664278626","receipts","19.14491175116878","16.111171664278626","0","19.18327830778435","19.14491175116878","0.038366556615568696","CCLX","unrestricted","executed","","0","19.14491175116878",""
"e357","113","u00159","active_user","migration","forest","mangrove","13.647443362002278","receipts","15.20415655565029","13.647443362002278","15.382981122937053","15.23462580726482","15.17374824253899","0.060877564725830224","CCLX","unrestricted","executed","","0","15.20415655565029","15.20415655565029"
"e358","113","u00106","active_user","withdraw","solar","wallet","3.157040614151255","receipts","3.751510199892335","3.157040614151255","0","3.759028256405145","3.751510199892335","0.00751805651281029","CCLX","unrestricted","executed","","0","3.751510199892335",""
"e360","113","u00226","long_term","deposit","wallet","solar","17.756002701180126","CCLX","17.756002701180126","0","14.882645986508578","17.756002701180126","17.720490695777766","0.035512005402360255","CCLX","unrestricted","executed","","17.756002701180126","0",""
"e361","113","u00058","active_user","withdraw","mangrove","wallet","4.833792224573382","receipts","4.758512729648967","4.833792224573382","0","4.7680488273035735","4.758512729648967","0.009536097654607147","CCLX","unrestricted","executed","","0","4.758512729648967",""
"e362","114","u00093","active_user","withdraw","forest","wallet","5.614837769363476","receipts","6.25529499064805","5.614837769363476","0","6.267830651951954","6.25529499064805","0.012535661303903907","CCLX","unrestricted","executed","","0","6.25529499064805",""
"e363","114","u00165","rebalancer","migration","solar","mangrove","17.85263846406204","receipts","21.21428995573893","17.85263846406204","21.46375869982876","21.25680356286466","21.171861375827454","0.08494218703720718","CCLX","unrestricted","executed","","0","21.21428995573893","21.21428995573893"
"e364","115","u00029","long_term","deposit","wallet","forest","87.89990126331215","CCLX","87.89990126331215","0","78.58455240726471","87.89990126331215","87.72410146078552","0.1757998025266243","CCLX","unrestricted","executed","","87.89990126331215","0",""
"e365","115","u00255","rebalancer","deposit","wallet","forest","921.6666735709063","CCLX","921.6666735709063","0","823.951433381997","921.6666735709063","919.8233402237645","1.8433333471418125","CCLX","unrestricted","executed","","921.6666735709063","0",""
"e368","116","u00263","active_user","migration","mangrove","solar","18.063472704073117","receipts","17.782186679928564","18.063472704073117","14.904595719184726","17.81782232457772","17.746622306568707","0.07120001800901257","CCLX","unrestricted","executed","","0","17.782186679928564","17.782186679928564"
"e371","117","u00281","active_user","withdraw","forest","wallet","1.918946385387975","receipts","2.138037810621783","1.918946385387975","0","2.142322455532849","2.138037810621783","0.0042846449110656975","CCLX","unrestricted","executed","","0","2.138037810621783",""
"e372","117","u00268","restricted_user","deposit","wallet","solar","96.46136207110351","CCLX","96.46136207110351","0","80.85130389919505","96.46136207110351","96.2684393469613","0.192922724142207","CCLX","restricted","executed","","96.46136207110351","0",""
"e373","117","u00030","active_user","deposit","wallet","solar","55.673122179339984","CCLX","55.673122179339984","0","46.66350486408919","55.673122179339984","55.561775934981306","0.11134624435867997","CCLX","unrestricted","executed","","55.673122179339984","0",""
"e374","117","u00112","active_user","deposit","wallet","solar","376.31931090530355","CCLX","376.31931090530355","0","315.41547719342634","376.31931090530355","375.56667228349295","0.7526386218106071","CCLX","unrestricted","executed","","376.31931090530355","0",""
"e375","117","u00287","rebalancer","withdraw","solar","wallet","29.594586924610798","receipts","35.168272825329566","29.594586924610798","0","35.23875032598153","35.168272825329566","0.07047750065196305","CCLX","unrestricted","executed","","0","35.168272825329566",""
"e376","118","u00078","active_user","migration","solar","forest","18.834963685478083","receipts","22.382203393362463","18.834963685478083","20.008335357997566","22.42705750837922","22.337438986575737","0.08961852180348337","CCLX","unrestricted","executed","","0","22.382203393362463","22.382203393362463"
"e377","119","u00001","long_term","deposit","wallet","solar","55.50126934136627","CCLX","55.50126934136627","0","46.51848300360143","55.50126934136627","55.390266802683534","0.11100253868273253","CCLX","unrestricted","executed","","55.50126934136627","0",""
"e378","119","u00106","active_user","deposit","","","0","CCLX","0","0","0","0","0","0","CCLX","unrestricted","rejected","Insufficient available wallet balance.","0","0",""
"e379","119","u00210","rebalancer","migration","solar","forest","2.2221096237283553","receipts","2.6406119312038645","2.2221096237283553","2.3605444298591465","2.645903738681227","2.6353307073414567","0.010573031339770184","CCLX","unrestricted","executed","","0","2.6406119312038645","2.6406119312038645"
"e380","119","u00027","long_term","withdraw","mangrove","wallet","6.1734473353176895","receipts","6.077302658039611","6.1734473353176895","0","6.089481621282175","6.077302658039611","0.01217896324256435","CCLX","unrestricted","executed","","0","6.077302658039611",""
"e381","119","u00094","restricted_user","deposit","wallet","forest","68.98492417627165","CCLX","68.98492417627165","0","61.66806119447574","68.98492417627165","68.84695432791911","0.1379698483525433","CCLX","restricted","executed","","68.98492417627165","0",""
"e382","119","u00021","rebalancer","migration","solar","forest","23.696486542944356","receipts","28.159353585692124","23.696486542944356","25.172523653367534","28.21578515600413","28.103034878520738","0.1127502774833925","CCLX","unrestricted","executed","","0","28.159353585692124","28.159353585692124"
"e383","120","u00020","rebalancer","migration","solar","forest","13.56457822304539","receipts","16.119236732240765","13.56457822304539","14.409457358764485","16.151539811864495","16.086998258776283","0.06454155308821052","CCLX","unrestricted","executed","","0","16.119236732240765","16.119236732240765"
"e385","122","u00106","active_user","migration","solar","mangrove","2.889729979842621","receipts","3.433959768384695","2.889729979842621","3.474347522482276","3.4408414512872696","3.4270918488479256","0.013749602439343929","CCLX","unrestricted","executed","","0","3.433959768384695","3.433959768384695"
"e386","122","u00033","whale","migration","solar","mangrove","29.32579560252627","receipts","34.84875541541632","29.32579560252627","35.25851746532135","34.91859260061756","34.779057904585486","0.13953469603206775","CCLX","unrestricted","executed","","0","34.84875541541632","34.84875541541632"
"e389","123","u00190","long_term","deposit","wallet","solar","158.5981148247653","CCLX","158.5981148247653","0","132.9291178691201","158.5981148247653","158.28091859511576","0.3171962296495306","CCLX","unrestricted","executed","","158.5981148247653","0",""
"e390","123","u00200","rebalancer","migration","mangrove","solar","13.147024108825741","receipts","12.942330832951702","13.147024108825741","10.847571001388133","12.968267367687076","12.916446171285799","0.05182119640127756","CCLX","unrestricted","executed","","0","12.942330832951702","12.942330832951702"
"e391","124","u00007","rebalancer","deposit","wallet","forest","109.15295236868653","CCLX","109.15295236868653","0","97.57443066546693","109.15295236868653","108.93464646394915","0.21830590473737305","CCLX","unrestricted","executed","","109.15295236868653","0",""
"e392","124","u00001","long_term","withdraw","mangrove","wallet","20.733121840964472","receipts","20.410263844117058","20.733121840964472","0","20.451166176469997","20.410263844117058","0.040902332352939996","CCLX","unrestricted","executed","","0","20.410263844117058",""
"e393","125","u00009","active_user","withdraw","solar","wallet","24.30457302408884","receipts","28.88210734674148","24.30457302408884","0","28.93998732138425","28.88210734674148","0.057879974642768506","CCLX","unrestricted","executed","","0","28.88210734674148",""
"e394","125","u00144","rebalancer","deposit","wallet","mangrove","186.7870248768432","CCLX","186.7870248768432","0","188.98107392480597","186.7870248768432","186.4134508270895","0.3735740497536864","CCLX","unrestricted","executed","","186.7870248768432","0",""
"e395","125","u00054","active_user","migration","mangrove","forest","5.608216876288391","receipts","5.52103283172287","5.608216876288391","4.935355899389833","5.532097025774419","5.509990766059424","0.02210625971499458","CCLX","unrestricted","executed","","0","5.52103283172287","5.52103283172287"
"e396","126","u00194","active_user","deposit","wallet","forest","14.103700756377693","CCLX","14.103700756377693","0","12.607553554698825","14.103700756377693","14.075493354864937","0.028207401512755387","CCLX","unrestricted","executed","","14.103700756377693","0",""
"e397","126","u00078","active_user","deposit","wallet","forest","67.45836192142336","CCLX","67.45836192142336","0","60.302015255670995","67.45836192142336","67.32344519758051","0.13491672384284673","CCLX","unrestricted","executed","","67.45836192142336","0",""
"e398","127","u00138","active_user","deposit","wallet","mangrove","22.28843890782534","CCLX","22.28843890782534","0","22.54990127007477","22.28843890782534","22.24386203000969","0.04457687781565069","CCLX","unrestricted","executed","","22.28843890782534","0",""
"e399","127","u00033","whale","deposit","wallet","mangrove","584.2501355511728","CCLX","584.2501355511728","0","591.0763102506753","584.2501355511728","583.0816352800705","1.1685002711023456","CCLX","unrestricted","executed","","584.2501355511728","0",""
"e401","128","u00002","rebalancer","deposit","wallet","mangrove","26.559503818462574","CCLX","26.559503818462574","0","26.868553472915664","26.559503818462574","26.506384810825647","0.05311900763692515","CCLX","unrestricted","executed","","26.559503818462574","0",""
"e403","129","u00228","rebalancer","deposit","wallet","solar","326.4371885638678","CCLX","326.4371885638678","0","273.6000626576133","326.4371885638678","325.78431418674006","0.6528743771277356","CCLX","unrestricted","executed","","326.4371885638678","0",""
"e405","130","u00013","long_term","deposit","wallet","forest","79.79679999923165","CCLX","79.79679999923165","0","71.33102069725282","79.79679999923165","79.6372063992332","0.15959359999846331","CCLX","unrestricted","executed","","79.79679999923165","0",""
"e406","130","u00063","rebalancer","deposit","wallet","mangrove","50.44115636201457","CCLX","50.44115636201457","0","51.02779367403127","50.44115636201457","50.340274049290535","0.10088231272402913","CCLX","unrestricted","executed","","50.44115636201457","0",""
"e407","130","u00047","rebalancer","deposit","wallet","forest","309.54130215082785","CCLX","309.54130215082785","0","276.6963595398702","309.54130215082785","308.9222195465262","0.6190826043016557","CCLX","unrestricted","executed","","309.54130215082785","0",""
"e408","130","u00157","rebalancer","deposit","wallet","mangrove","188.78030912243545","CCLX","188.78030912243545","0","190.97233556909487","188.78030912243545","188.40274850419058","0.3775606182448709","CCLX","unrestricted","executed","","188.78030912243545","0",""
"e410","130","u00259","rebalancer","deposit","wallet","solar","96.10699804861918","CCLX","96.10699804861918","0","80.55016029253602","96.10699804861918","95.91478405252194","0.19221399609723835","CCLX","unrestricted","executed","","96.10699804861918","0",""
"e411","131","u00097","long_term","withdraw","forest","wallet","2.9406985202960443","receipts","3.276673243736848","2.9406985202960443","0","3.2832397231832147","3.276673243736848","0.006566479446366429","CCLX","unrestricted","executed","","0","3.276673243736848",""
"e412","131","u00196","rebalancer","deposit","wallet","mangrove","82.48461969674655","CCLX","82.48461969674655","0","83.44065084517933","82.48461969674655","82.31965045735305","0.1649692393934931","CCLX","unrestricted","executed","","82.48461969674655","0",""
"e413","131","u00220","active_user","deposit","wallet","solar","116.50066582822336","CCLX","116.50066582822336","0","97.64212102070451","116.50066582822336","116.26766449656691","0.23300133165644674","CCLX","unrestricted","executed","","116.50066582822336","0",""
"e414","131","u00002","rebalancer","deposit","wallet","mangrove","41.25730641372269","CCLX","41.25730641372269","0","41.735098651843145","41.25730641372269","41.17479180089524","0.08251461282744538","CCLX","unrestricted","executed","","41.25730641372269","0",""
"e415","132","u00263","active_user","deposit","wallet","forest","71.34018320306704","CCLX","71.34018320306704","0","63.76924150506966","71.34018320306704","71.1975028366609","0.14268036640613407","CCLX","unrestricted","executed","","71.34018320306704","0",""
"e416","132","u00036","rebalancer","deposit","wallet","mangrove","26.457714036419734","CCLX","26.457714036419734","0","26.763975920854136","26.457714036419734","26.404798608346894","0.05291542807283947","CCLX","unrestricted","executed","","26.457714036419734","0",""
"e417","133","u00298","rebalancer","deposit","wallet","forest","198.90547532708166","CCLX","198.90547532708166","0","177.79442196246237","198.90547532708166","198.5076643764275","0.39781095065416333","CCLX","unrestricted","executed","","198.90547532708166","0",""
"e418","133","u00198","rebalancer","migration","solar","forest","26.77975234470984","receipts","31.82437442778051","26.77975234470984","28.446343852439895","31.888150729238987","31.76072567892495","0.127425050314039","CCLX","unrestricted","executed","","0","31.82437442778051","31.82437442778051"
"e419","133","u00045","long_term","deposit","wallet","mangrove","18.540785134953605","CCLX","18.540785134953605","0","18.755339524010196","18.540785134953605","18.503703564683697","0.03708157026990721","CCLX","unrestricted","executed","","18.540785134953605","0",""
"e420","134","u00059","long_term","deposit","wallet","mangrove","176.65659368381387","CCLX","176.65659368381387","0","178.69818548904732","176.65659368381387","176.30328049644623","0.35331318736762773","CCLX","unrestricted","executed","","176.65659368381387","0",""
"e424","134","u00248","restricted_user","deposit","wallet","mangrove","126.55249268554796","CCLX","126.55249268554796","0","128.01205476769246","126.55249268554796","126.29938770017687","0.25310498537109594","CCLX","restricted","executed","","126.55249268554796","0",""
"e426","136","u00133","active_user","deposit","wallet","forest","67.69732786583054","CCLX","67.69732786583054","0","60.51123690814711","67.69732786583054","67.56193321009889","0.1353946557316611","CCLX","unrestricted","executed","","67.69732786583054","0",""
"e427","136","u00171","rebalancer","migration","solar","mangrove","30.22674583425448","receipts","35.920624757301994","30.22674583425448","36.33445252641104","35.99260997725651","35.84878350778739","0.143826469469117","CCLX","unrestricted","executed","","0","35.920624757301994","35.920624757301994"
"e428","136","u00013","long_term","withdraw","forest","wallet","8.89434177534949","receipts","9.910865837036166","8.89434177534949","0","9.930727291619405","9.910865837036166","0.019861454583238812","CCLX","unrestricted","executed","","0","9.910865837036166",""
"e429","137","u00260","long_term","deposit","wallet","mangrove","58.001489313247376","CCLX","58.001489313247376","0","58.66927857324481","58.001489313247376","57.88548633462088","0.11600297862649475","CCLX","unrestricted","executed","","58.001489313247376","0",""
"e430","137","u00003","long_term","deposit","wallet","solar","52.903417131182884","CCLX","52.903417131182884","0","44.339635039679706","52.903417131182884","52.79761029692052","0.10580683426236577","CCLX","unrestricted","executed","","52.903417131182884","0",""
"e431","137","u00194","active_user","deposit","","","0","CCLX","0","0","0","0","0","0","CCLX","unrestricted","rejected","Insufficient available wallet balance.","0","0",""
"e432","137","u00088","rebalancer","deposit","wallet","forest","979.2938073576003","CCLX","979.2938073576003","0","875.2983049976174","979.2938073576003","977.3352197428851","1.9585876147152006","CCLX","unrestricted","executed","","979.2938073576003","0",""
"e433","138","u00056","active_user","deposit","wallet","forest","32.355766567878376","CCLX","32.355766567878376","0","28.918360768351704","32.355766567878376","32.29105503474262","0.06471153313575675","CCLX","unrestricted","executed","","32.355766567878376","0",""
"e434","138","u00132","long_term","withdraw","mangrove","wallet","36.810215801056785","receipts","36.245873043331315","36.810215801056785","0","36.318510063458234","36.245873043331315","0.07263702012691647","CCLX","unrestricted","executed","","0","36.245873043331315",""
"e435","138","u00288","long_term","deposit","wallet","forest","62.62813559402075","CCLX","62.62813559402075","0","55.9744042577222","62.62813559402075","62.502879322832705","0.1252562711880415","CCLX","unrestricted","executed","","62.62813559402075","0",""
"e436","139","u00117","whale","migration","mangrove","forest","491.58627906308664","receipts","484.030256044833","491.58627906308664","432.5946114496328","485.0002565579489","483.0621955327433","1.9380610252055637","CCLX","unrestricted","executed","","0","484.030256044833","484.030256044833"
"e438","139","u00061","long_term","deposit","wallet","forest","47.98102843813747","CCLX","47.98102843813747","0","42.881212124135345","47.98102843813747","47.8850663812612","0.09596205687627495","CCLX","unrestricted","executed","","47.98102843813747","0",""
"e439","141","u00120","long_term","deposit","wallet","forest","44.54160516867287","CCLX","44.54160516867287","0","39.8071820451878","44.54160516867287","44.452521958335524","0.08908321033734573","CCLX","unrestricted","executed","","44.54160516867287","0",""
"e441","142","u00145","active_user","migration","forest","solar","15.736901521922716","receipts","17.53821138742566","15.736901521922716","14.69917052751407","17.573358103632927","17.503134964650812","0.07022313898211718","CCLX","unrestricted","executed","","0","17.53821138742566","17.53821138742566"
"e442","142","u00017","long_term","deposit","wallet","mangrove","206.30302370689697","CCLX","206.30302370689697","0","208.69077820447274","206.30302370689697","205.89041765948318","0.4126060474137939","CCLX","unrestricted","executed","","206.30302370689697","0",""
"e443","142","u00009","active_user","withdraw","solar","wallet","14.919719176794846","receipts","17.730223092714326","14.919719176794846","0","17.76575460191816","17.730223092714326","0.035531509203836326","CCLX","unrestricted","executed","","0","17.730223092714326",""
"e444","142","u00257","active_user","withdraw","solar","wallet","17.193787718576765","receipts","20.432647531034426","17.193787718576765","0","20.473594720475376","20.432647531034426","0.04094718944095075","CCLX","unrestricted","executed","","0","20.432647531034426",""
"e445","143","u00187","active_user","deposit","wallet","forest","78.58788123580648","CCLX","78.58788123580648","0","70.23430962860584","78.58788123580648","78.43070547333487","0.15717576247161297","CCLX","unrestricted","executed","","78.58788123580648","0",""
"e446","143","u00025","whale","deposit","wallet","mangrove","505.2042662881679","CCLX","505.2042662881679","0","511.0235490477644","505.2042662881679","504.1938577555916","1.010408532576336","CCLX","unrestricted","executed","","505.2042662881679","0",""
"e447","143","u00021","rebalancer","deposit","wallet","solar","308.0299898367799","CCLX","308.0299898367799","0","258.16507255425677","308.0299898367799","307.4139298571064","0.6160599796735599","CCLX","unrestricted","executed","","308.0299898367799","0",""
"e449","144","u00180","rebalancer","migration","solar","mangrove","9.205746394252143","receipts","10.940048236857168","9.205746394252143","11.065623912960291","10.961972181219608","10.918168140383454","0.04380404083615355","CCLX","unrestricted","executed","","0","10.940048236857168","10.940048236857168"
"e450","144","u00135","rebalancer","migration","mangrove","solar","18.711605923150934","receipts","18.42532782909274","18.711605923150934","15.4424422159791","18.46225233376026","18.388477173434556","0.073775160325706","CCLX","unrestricted","executed","","0","18.42532782909274","18.42532782909274"
"e451","145","u00202","active_user","migration","forest","solar","9.304398531167607","receipts","10.369482206352986","9.304398531167607","8.690754456911236","10.39026273181662","10.34874324194028","0.041519489876339216","CCLX","unrestricted","executed","","0","10.369482206352986","10.369482206352986"
"e452","145","u00082","long_term","deposit","wallet","mangrove","118.21686003386706","CCLX","118.21686003386706","0","119.57296861126088","118.21686003386706","117.98042631379933","0.23643372006773414","CCLX","unrestricted","executed","","118.21686003386706","0",""
"e453","145","u00141","active_user","withdraw","mangrove","wallet","1.7755092750498649","receipts","1.7483739415579476","1.7755092750498649","0","1.7518776969518512","1.7483739415579476","0.0035037553939037025","CCLX","unrestricted","executed","","0","1.7483739415579476",""
"e454","145","u00086","active_user","deposit","wallet","forest","43.32433577131342","CCLX","43.32433577131342","0","38.71894743409939","43.32433577131342","43.237687099770795","0.08664867154262684","CCLX","unrestricted","executed","","43.32433577131342","0",""
"e455","146","u00255","rebalancer","withdraw","forest","wallet","173.9430412131562","receipts","193.85337058677663","173.9430412131562","0","194.24185429536738","193.85337058677663","0.3884837085907348","CCLX","unrestricted","executed","","0","193.85337058677663",""
"e456","146","u00096","rebalancer","deposit","wallet","solar","85.10371674742206","CCLX","85.10371674742206","0","71.32598359044641","85.10371674742206","84.93350931392722","0.1702074334948441","CCLX","unrestricted","executed","","85.10371674742206","0",""
"e457","146","u00192","active_user","deposit","wallet","forest","45.93524703438122","CCLX","45.93524703438122","0","41.05290953349322","45.93524703438122","45.843376540312455","0.09187049406876244","CCLX","unrestricted","executed","","45.93524703438122","0",""
"e458","147","u00058","active_user","withdraw","mangrove","wallet","4.1717772977367575","receipts","4.108017638684716","4.1717772977367575","0","4.116250138962641","4.108017638684716","0.008232500277925284","CCLX","unrestricted","executed","","0","4.108017638684716",""
"e460","148","u00085","active_user","deposit","wallet","solar","45.56673311770177","CCLX","45.56673311770177","0","38.189637614414096","45.56673311770177","45.47559965146637","0.09113346623540355","CCLX","unrestricted","executed","","45.56673311770177","0",""
"e461","148","u00143","rebalancer","deposit","wallet","solar","18.510091934978284","CCLX","18.510091934978284","0","15.513344487175345","18.510091934978284","18.47307175110833","0.03702018386995657","CCLX","unrestricted","executed","","18.510091934978284","0",""
"e463","149","u00108","active_user","deposit","wallet","forest","84.30860059506625","CCLX","84.30860059506625","0","75.34718827414326","84.30860059506625","84.13998339387612","0.16861720119013252","CCLX","unrestricted","executed","","84.30860059506625","0",""
"e464","149","u00219","rebalancer","migration","forest","mangrove","114.90140972965077","receipts","128.05317380517954","114.90140972965077","129.51978307240643","128.30979339196347","127.79706745756918","0.512725934394286","CCLX","unrestricted","executed","","0","128.05317380517954","128.05317380517954"
"e465","149","u00041","active_user","deposit","wallet","forest","73.40775900732638","CCLX","73.40775900732638","0","65.60534280794673","73.40775900732638","73.26094348931173","0.14681551801465276","CCLX","unrestricted","executed","","73.40775900732638","0",""
"e466","150","u00041","active_user","migration","mangrove","forest","46.367670014111326","receipts","45.65973001102172","46.367670014111326","40.806382779730484","45.751232475973666","45.56841055099968","0.18282192497399077","CCLX","unrestricted","executed","","0","45.65973001102172","45.65973001102172"
"e467","151","u00050","rebalancer","withdraw","forest","wallet","15.396474043339825","receipts","17.158850473862607","15.396474043339825","0","17.193236947758123","17.158850473862607","0.034386473895516245","CCLX","unrestricted","executed","","0","17.158850473862607",""
"e468","152","u00083","active_user","deposit","wallet","solar","224.19635556908702","CCLX","224.19635556908702","0","187.89812304498628","224.19635556908702","223.74796285794883","0.448392711138174","CCLX","unrestricted","executed","","224.19635556908702","0",""
"e469","152","u00237","long_term","deposit","wallet","solar","30.515281948916652","CCLX","30.515281948916652","0","25.574559731874615","30.515281948916652","30.454251385018818","0.061030563897833304","CCLX","unrestricted","executed","","30.515281948916652","0",""
"e473","153","u00166","long_term","deposit","wallet","mangrove","69.83141553809912","CCLX","69.83141553809912","0","70.63062693178654","69.83141553809912","69.69175270702293","0.13966283107619826","CCLX","unrestricted","executed","","69.83141553809912","0",""
"e474","153","u00048","long_term","deposit","wallet","solar","27.51028041759093","CCLX","27.51028041759093","0","23.056059638038278","27.51028041759093","27.45525985675575","0.055020560835181864","CCLX","unrestricted","executed","","27.51028041759093","0",""
"e475","153","u00111","long_term","migration","forest","solar","13.653657667415322","receipts","15.216516716414597","13.653657667415322","12.752777854911983","15.247010737890378","15.186083682981769","0.060927054908609946","CCLX","unrestricted","executed","","0","15.216516716414597","15.216516716414597"
"e476","153","u00026","rebalancer","migration","forest","solar","9.078450590267618","receipts","10.117598507841118","9.078450590267618","8.479430384002626","10.137874256353825","10.097363310825436","0.04051094552838989","CCLX","unrestricted","executed","","0","10.117598507841118","10.117598507841118"
"e477","154","u00188","active_user","migration","forest","solar","25.36995133668406","receipts","28.273823174474295","25.36995133668406","23.695905305910856","28.330484142759815","28.217275528125345","0.11320861463446821","CCLX","unrestricted","executed","","0","28.273823174474295","28.273823174474295"
"e478","154","u00194","active_user","migration","forest","solar","2.8645561977609315","receipts","3.1924315291708334","2.8645561977609315","2.6755309221334755","3.1988291875459254","3.1860466661124915","0.012782521433433518","CCLX","unrestricted","executed","","0","3.1924315291708334","3.1924315291708334"
"e479","155","u00036","rebalancer","deposit","wallet","forest","41.54131024979896","CCLX","41.54131024979896","0","37.12583489809185","41.54131024979896","41.458227629299365","0.08308262049959793","CCLX","unrestricted","executed","","41.54131024979896","0",""
"e481","155","u00253","active_user","migration","forest","mangrove","4.666789124055954","receipts","5.200965566792525","4.666789124055954","5.260459590703249","5.211388343479484","5.19056363565894","0.02082470782054402","CCLX","unrestricted","executed","","0","5.200965566792525","5.200965566792525"
"e482","155","u00288","long_term","deposit","wallet","forest","87.76326171621164","CCLX","87.76326171621164","0","78.43435241398402","87.76326171621164","87.58773519277922","0.17552652343242328","CCLX","unrestricted","executed","","87.76326171621164","0",""
"e483","156","u00211","active_user","migration","solar","forest","5.661904357670512","receipts","6.728762266535312","5.661904357670512","6.013492501806468","6.742246760055423","6.715304742002241","0.02694201805318147","CCLX","unrestricted","executed","","0","6.728762266535312","6.728762266535312"
"e484","156","u00205","active_user","deposit","wallet","mangrove","77.96358454911615","CCLX","77.96358454911615","0","78.85490850545466","77.96358454911615","77.80765738001791","0.1559271690982323","CCLX","unrestricted","executed","","77.96358454911615","0",""
"e485","157","u00039","active_user","migration","forest","mangrove","1.276932028649821","receipts","1.4231064403387719","1.276932028649821","1.4393674165476114","1.4259583570528775","1.4202602274580944","0.005698129594783299","CCLX","unrestricted","executed","","0","1.4231064403387719","1.4231064403387719"
"e486","157","u00050","rebalancer","migration","forest","mangrove","31.93327029976817","receipts","35.588708344029264","31.93327029976817","35.99525655666366","35.660028400830925","35.517530927341205","0.1424974734897204","CCLX","unrestricted","executed","","0","35.588708344029264","35.588708344029264"
"e487","158","u00234","active_user","deposit","wallet","solar","172.13314592347675","CCLX","172.13314592347675","0","144.26165527990088","172.13314592347675","171.78887963162978","0.3442662918469535","CCLX","unrestricted","executed","","172.13314592347675","0",""
"e488","158","u00187","active_user","withdraw","forest","wallet","18.396353232748712","receipts","20.502149425989483","18.396353232748712","0","20.543235897785053","20.502149425989483","0.04108647179557011","CCLX","unrestricted","executed","","0","20.502149425989483",""
"e489","158","u00107","long_term","deposit","wallet","solar","16.434057746877464","CCLX","16.434057746877464","0","13.773011441342533","16.434057746877464","16.40118963138371","0.03286811549375493","CCLX","unrestricted","executed","","16.434057746877464","0",""
"e490","158","u00180","rebalancer","withdraw","solar","wallet","11.943955522911295","receipts","14.194666298508643","11.943955522911295","0","14.223112523555756","14.194666298508643","0.02844622504711151","CCLX","unrestricted","executed","","0","14.194666298508643",""
"e491","159","u00289","rebalancer","deposit","wallet","forest","115.68364547196468","CCLX","115.68364547196468","0","103.38639943441376","115.68364547196468","115.45227818102074","0.23136729094392935","CCLX","unrestricted","executed","","115.68364547196468","0",""
"e492","160","u00115","rebalancer","migration","mangrove","solar","32.46672324839808","receipts","31.97176489705732","32.46672324839808","26.79479674482718","32.035836570197716","31.907821367263203","0.12801520293451008","CCLX","unrestricted","executed","","0","31.97176489705732","31.97176489705732"
"e494","160","u00101","rebalancer","deposit","wallet","forest","54.72086116053064","CCLX","54.72086116053064","0","48.90359821612947","54.72086116053064","54.61141943820958","0.10944172232106128","CCLX","unrestricted","executed","","54.72086116053064","0",""
"e495","160","u00158","long_term","deposit","wallet","solar","145.27617262703137","CCLX","145.27617262703137","0","121.75199294649065","145.27617262703137","144.9856202817773","0.29055234525406276","CCLX","unrestricted","executed","","145.27617262703137","0",""
"e496","160","u00100","active_user","deposit","wallet","forest","48.68641498805099","CCLX","48.68641498805099","0","43.51044564391486","48.68641498805099","48.58904215807489","0.09737282997610198","CCLX","unrestricted","executed","","48.68641498805099","0",""
"e497","161","u00123","active_user","deposit","wallet","forest","26.493687582627174","CCLX","26.493687582627174","0","23.676994752371684","26.493687582627174","26.44070020746192","0.05298737516525435","CCLX","unrestricted","executed","","26.493687582627174","0",""
"e498","162","u00037","active_user","deposit","wallet","solar","47.21957978224226","CCLX","47.21957978224226","0","39.573225856758654","47.21957978224226","47.125140622677776","0.09443915956448452","CCLX","unrestricted","executed","","47.21957978224226","0",""
"e499","162","u00016","active_user","migration","solar","mangrove","11.122529567839178","receipts","13.218608212889173","11.122529567839178","13.36962702870369","13.24509840970859","13.192170996463394","0.05292741324519552","CCLX","unrestricted","executed","","0","13.218608212889173","13.218608212889173"
"e500","162","u00260","long_term","deposit","wallet","solar","85.75300818571509","CCLX","85.75300818571509","0","71.86664958298206","85.75300818571509","85.58150216934366","0.17150601637143018","CCLX","unrestricted","executed","","85.75300818571509","0",""
"e501","163","u00299","whale","withdraw","forest","wallet","551.0692886291791","receipts","614.1448542005392","551.0692886291791","0","615.3756054113619","614.1448542005392","1.2307512108227239","CCLX","unrestricted","executed","","0","614.1448542005392",""
"e502","163","u00130","rebalancer","deposit","wallet","forest","61.931038021985295","CCLX","61.931038021985295","0","55.3498438927345","61.931038021985295","61.807175945941324","0.12386207604397059","CCLX","unrestricted","executed","","61.931038021985295","0",""
"e503","163","u00050","rebalancer","withdraw","forest","wallet","24.43483374412028","receipts","27.230972482689655","24.43483374412028","0","27.285543569829315","27.230972482689655","0.05457108713965863","CCLX","unrestricted","executed","","0","27.230972482689655",""
"e504","163","u00072","long_term","migration","solar","mangrove","3.409150347033206","receipts","4.05163394552283","3.409150347033206","4.097917263163254","4.059753452427685","4.043530677631784","0.01622277479590103","CCLX","unrestricted","executed","","0","4.05163394552283","4.05163394552283"
"e505","164","u00088","rebalancer","deposit","wallet","forest","519.1273115410175","CCLX","519.1273115410175","0","463.94974626158364","519.1273115410175","518.0890569179355","1.038254623082035","CCLX","unrestricted","executed","","519.1273115410175","0",""
"e508","166","u00025","whale","withdraw","mangrove","wallet","122.09543708374564","receipts","120.23298702673009","122.09543708374564","0","120.47393489652313","120.23298702673009","0.24094786979304628","CCLX","unrestricted","executed","","0","120.23298702673009",""
"e509","166","u00220","active_user","migration","solar","forest","10.176040820952934","receipts","12.09379739899747","10.176040820952934","10.808083076961339","12.11803346592933","12.069609804199475","0.0484236617298536","CCLX","unrestricted","executed","","0","12.09379739899747","12.09379739899747"
"e511","166","u00123","active_user","deposit","wallet","solar","13.381316733496746","CCLX","13.381316733496746","0","11.214400695171207","13.381316733496746","13.354554100029752","0.026762633466993493","CCLX","unrestricted","executed","","13.381316733496746","0",""
"e512","167","u00140","whale","deposit","wallet","forest","1760.0526208040128","CCLX","1760.0526208040128","0","1572.8042972227558","1760.0526208040128","1756.5325155624048","3.5201052416080256","CCLX","unrestricted","executed","","1760.0526208040128","0",""
"e513","167","u00058","active_user","migration","forest","mangrove","12.186110129865398","receipts","13.583558497847058","12.186110129865398","13.738964902702719","13.610780057962984","13.556391380851364","0.054388677111620085","CCLX","unrestricted","executed","","0","13.583558497847058","13.583558497847058"
"e514","167","u00206","long_term","deposit","wallet","solar","62.27380792379888","CCLX","62.27380792379888","0","52.18932945560664","62.27380792379888","62.14926030795128","0.12454761584759776","CCLX","unrestricted","executed","","62.27380792379888","0",""
"e515","167","u00064","active_user","migration","forest","solar","3.3557116350438565","receipts","3.7405264479890468","3.3557116350438565","3.1347882985137403","3.7480224929749966","3.7330453950930687","0.014977097881928088","CCLX","unrestricted","executed","","0","3.7405264479890468","3.7405264479890468"
"e516","167","u00211","active_user","deposit","wallet","solar","65.95213982766361","CCLX","65.95213982766361","0","55.27178953029215","65.95213982766361","65.82023554800828","0.13190427965532722","CCLX","unrestricted","executed","","65.95213982766361","0",""
"e517","168","u00123","active_user","migration","forest","mangrove","2.139439285240617","receipts","2.3847778769545256","2.139439285240617","2.412058617454022","2.3895569909363985","2.3800083212006165","0.009548669735781848","CCLX","unrestricted","executed","","0","2.3847778769545256","2.3847778769545256"
"e518","168","u00253","active_user","migration","forest","mangrove","5.62418490126652","receipts","6.269131461879704","5.62418490126652","6.34084316692315","6.28169485158287","6.256593198955945","0.02510165262692515","CCLX","unrestricted","executed","","0","6.269131461879704","6.269131461879704"
"e520","168","u00022","active_user","migration","mangrove","solar","17.640399882258045","receipts","17.371187208988704","17.640399882258045","14.558046998921782","17.40599920740351","17.336444834570727","0.06955437283278443","CCLX","unrestricted","executed","","0","17.371187208988704","17.371187208988704"
"e521","169","u00101","rebalancer","deposit","wallet","mangrove","46.28322149167853","CCLX","46.28322149167853","0","46.812585098901764","46.28322149167853","46.19065504869518","0.09256644298335706","CCLX","unrestricted","executed","","46.28322149167853","0",""
"e523","169","u00039","active_user","deposit","wallet","solar","17.651226462024137","CCLX","17.651226462024137","0","14.792721302248538","17.651226462024137","17.615924009100087","0.03530245292404827","CCLX","unrestricted","executed","","17.651226462024137","0",""
"e524","170","u00227","rebalancer","deposit","wallet","mangrove","39.17641769853173","CCLX","39.17641769853173","0","39.624237017240375","39.17641769853173","39.09806486313467","0.07835283539706346","CCLX","unrestricted","executed","","39.17641769853173","0",""
"e525","170","u00224","restricted_user","deposit","wallet","forest","44.052453081102804","CCLX","44.052453081102804","0","39.362493864959106","44.052453081102804","43.964348174940596","0.0881049061622056","CCLX","unrestricted","executed","","44.052453081102804","0",""
"e526","170","u00282","rebalancer","deposit","wallet","mangrove","135.24021190239134","CCLX","135.24021190239134","0","136.7842868771404","135.24021190239134","134.96973147858657","0.27048042380478265","CCLX","unrestricted","executed","","135.24021190239134","0",""
"e528","171","u00120","long_term","withdraw","forest","wallet","9.682761381597603","receipts","10.793157031861133","9.682761381597603","0","10.814786605071276","10.793157031861133","0.021629573210142552","CCLX","unrestricted","executed","","0","10.793157031861133",""
"e529","171","u00070","rebalancer","migration","solar","forest","26.272071037699845","receipts","31.223532560836524","26.272071037699845","27.89930777158588","31.28610477037728","31.16108549571485","0.1250192746624276","CCLX","unrestricted","executed","","0","31.223532560836524","31.223532560836524"
"e530","171","u00243","restricted_user","deposit","wallet","mangrove","180.2083705857181","CCLX","180.2083705857181","0","182.2614396258723","180.2083705857181","179.84795384454665","0.3604167411714362","CCLX","unrestricted","executed","","180.2083705857181","0",""
"e531","171","u00130","rebalancer","withdraw","forest","wallet","19.298412972446858","receipts","21.511539274736773","19.298412972446858","0","21.554648571880534","21.511539274736773","0.04310929714376107","CCLX","unrestricted","executed","","0","21.511539274736773",""
"e532","172","u00255","rebalancer","deposit","wallet","mangrove","999.4120625332548","CCLX","999.4120625332548","0","1010.7064709388651","999.4120625332548","997.4132384081882","1.9988241250665097","CCLX","unrestricted","executed","","999.4120625332548","0",""
"e533","172","u00202","active_user","deposit","wallet","forest","36.1531437788288","CCLX","36.1531437788288","0","32.3040486369282","36.1531437788288","36.08083749127114","0.0723062875576576","CCLX","unrestricted","executed","","36.1531437788288","0",""
"e535","172","u00254","rebalancer","migration","forest","solar","16.74487815461316","receipts","18.665195802847855","16.74487815461316","15.642496299464256","18.70260100485757","18.62786541124216","0.07473559361541085","CCLX","unrestricted","executed","","0","18.665195802847855","18.665195802847855"
"e536","173","u00005","active_user","withdraw","solar","wallet","3.3639591399341056","receipts","3.997960169233382","3.3639591399341056","0","4.005972113460302","3.997960169233382","0.008011944226920606","CCLX","unrestricted","executed","","0","3.997960169233382",""
"e537","173","u00019","active_user","deposit","wallet","solar","61.26325870637606","CCLX","61.26325870637606","0","51.341993308160454","61.26325870637606","61.140732188963305","0.12252651741275211","CCLX","unrestricted","executed","","61.26325870637606","0",""
"e538","173","u00190","long_term","deposit","wallet","mangrove","46.74461272707578","CCLX","46.74461272707578","0","47.269075356889516","46.74461272707578","46.65112350162163","0.09348922545415157","CCLX","unrestricted","executed","","46.74461272707578","0",""
"e540","174","u00035","active_user","deposit","wallet","forest","52.24897207358207","CCLX","52.24897207358207","0","46.68609789176844","52.24897207358207","52.144474129434904","0.10449794414716414","CCLX","unrestricted","executed","","52.24897207358207","0",""
"e541","174","u00116","whale","deposit","wallet","solar","825.4163885733972","CCLX","825.4163885733972","0","691.7272421387024","825.4163885733972","823.7655557962504","1.6508327771467943","CCLX","unrestricted","executed","","825.4163885733972","0",""
"e542","174","u00171","rebalancer","withdraw","solar","wallet","24.73095980947284","receipts","29.393411289121957","24.73095980947284","0","29.452315920963883","29.393411289121957","0.05890463184192777","CCLX","unrestricted","executed","","0","29.393411289121957",""
"e543","174","u00136","long_term","withdraw","forest","wallet","35.72997686291683","receipts","39.82761016194988","35.72997686291683","0","39.90742501197383","39.82761016194988","0.07981485002394766","CCLX","unrestricted","executed","","0","39.82761016194988",""
"e544","174","u00118","long_term","deposit","wallet","mangrove","28.072515844923522","CCLX","28.072515844923522","0","28.387319101253524","28.072515844923522","28.016370813233674","0.056145031689847046","CCLX","unrestricted","executed","","28.072515844923522","0",""
"e546","175","u00150","long_term","deposit","wallet","solar","84.31993595543946","CCLX","84.31993595543946","0","70.66130610276014","84.31993595543946","84.15129608352858","0.16863987191087892","CCLX","unrestricted","executed","","84.31993595543946","0",""
"e547","175","u00123","active_user","deposit","wallet","forest","17.947020790288587","CCLX","17.947020790288587","0","16.036234389292076","17.947020790288587","17.91112674870801","0.03589404158057717","CCLX","unrestricted","executed","","17.947020790288587","0",""
"e548","175","u00027","long_term","deposit","wallet","forest","26.96587927622565","CCLX","26.96587927622565","0","24.094819602556527","26.96587927622565","26.911947517673198","0.0539317585524513","CCLX","unrestricted","executed","","26.96587927622565","0",""
"e549","176","u00103","rebalancer","deposit","wallet","solar","131.0548861490702","CCLX","131.0548861490702","0","109.82519357278943","131.0548861490702","130.79277637677205","0.2621097722981404","CCLX","unrestricted","executed","","131.0548861490702","0",""
"e550","177","u00212","long_term","withdraw","forest","wallet","6.087583157127327","receipts","6.785741576441564","6.087583157127327","0","6.799340256955475","6.785741576441564","0.013598680513910949","CCLX","unrestricted","executed","","0","6.785741576441564",""
"e551","177","u00236","active_user","withdraw","solar","wallet","29.72147762698799","receipts","35.32513970114291","29.72147762698799","0","35.39593156427145","35.32513970114291","0.0707918631285429","CCLX","unrestricted","executed","","0","35.32513970114291",""
"e553","178","u00075","rebalancer","deposit","wallet","mangrove","74.88165174770043","CCLX","74.88165174770043","0","75.72077036136761","74.88165174770043","74.73188844420503","0.14976330349540087","CCLX","unrestricted","executed","","74.88165174770043","0",""
"e554","178","u00016","active_user","withdraw","forest","wallet","10.653673195376467","receipts","11.875485930000897","10.653673195376467","0","11.899284498998895","11.875485930000897","0.02379856899799779","CCLX","unrestricted","executed","","0","11.875485930000897",""
"e558","178","u00286","active_user","deposit","wallet","solar","15.303781072675294","CCLX","15.303781072675294","0","12.824681322090328","15.303781072675294","15.273173510529944","0.030607562145350587","CCLX","unrestricted","executed","","15.303781072675294","0",""
"e559","178","u00254","rebalancer","deposit","wallet","mangrove","65.25107217800755","CCLX","65.25107217800755","0","65.98156067309901","65.25107217800755","65.12057003365153","0.1305021443560151","CCLX","unrestricted","executed","","65.25107217800755","0",""
"e560","179","u00268","restricted_user","deposit","wallet","solar","57.825447048904266","CCLX","57.825447048904266","0","48.45805103657767","57.825447048904266","57.709796154806455","0.11565089409780853","CCLX","restricted","executed","","57.825447048904266","0",""
"e561","179","u00023","active_user","migration","mangrove","solar","10.9717027490273","receipts","10.806921565682627","10.9717027490273","9.05624377867207","10.828578723128885","10.785307722551261","0.04327100057762302","CCLX","unrestricted","executed","","0","10.806921565682627","10.806921565682627"
"e562","180","u00166","long_term","deposit","wallet","solar","73.30488289408665","CCLX","73.30488289408665","0","61.429641554132104","73.30488289408665","73.15827312829848","0.1466097657881733","CCLX","unrestricted","executed","","73.30488289408665","0",""
"e563","180","u00098","whale","deposit","wallet","solar","651.7678353028684","CCLX","651.7678353028684","0","546.1716308072209","651.7678353028684","650.4642996322627","1.3035356706057368","CCLX","unrestricted","executed","","651.7678353028684","0",""
"e564","180","u00257","active_user","migration","solar","forest","6.881311616234786","receipts","8.1790706550451","6.881311616234786","7.308245058404282","8.195461578201503","8.16271251373501","0.032749064466493207","CCLX","unrestricted","executed","","0","8.1790706550451","8.1790706550451"
"e565","180","u00281","active_user","migration","forest","mangrove","0.9201979851295381","receipts","1.0257307323315181","0.9201979851295381","1.0372102779801935","1.0277863049414009","1.0236792708668552","0.004107034074545838","CCLX","unrestricted","executed","","0","1.0257307323315181","1.0257307323315181"
